{"stats":{"minecraft:used":{"minecraft:oak_fence":23,"minecraft:stone_shovel":86,"minecraft:stone_pickaxe":40,"minecraft:oak_planks":173,"gnumus:overripe_carrot":3,"minecraft:wooden_pickaxe":8,"minecraft:rotten_flesh":3,"minecraft:oak_door":4,"minecraft:torch":2,"minecraft:dirt":2,"minecraft:sand":1,"minecraft:crafting_table":1,"minecraft:oak_log":6,"born_in_chaos_v1:corpse_maggot":4,"minecraft:wooden_axe":170,"minecraft:apple":1,"minecraft:oak_stairs":8,"gnumus:gnumus_chickpeas":5,"minecraft:stone_axe":32,"born_in_chaos_v1:rotten_fish":1,"minecraft:beef":1,"minecraft:oak_sapling":24,"minecraft:furnace":1,"alexsmobs:animal_dictionary":1,"minecraft:cooked_beef":1},"minecraft:mined":{"minecraft:oak_sapling":2,"minecraft:oak_door":2,"minecraft:oak_fence":2,"minecraft:crafting_table":1,"minecraft:granite":3,"gravestone:gravestone":1,"minecraft:grass_block":1,"minecraft:copper_ore":8,"minecraft:tall_grass":7,"minecraft:lapis_ore":2,"minecraft:oak_planks":31,"minecraft:sugar_cane":6,"minecraft:wall_torch":1,"minecraft:birch_log":4,"treechop:chopped_log":18,"minecraft:grass":42,"minecraft:oak_log":27,"minecraft:sand":87,"minecraft:dirt":8,"minecraft:stone":33,"minecraft:oak_leaves":3},"minecraft:custom":{"minecraft:interact_with_furnace":6,"minecraft:mob_kills":14,"minecraft:interact_with_crafting_table":21,"minecraft:damage_dealt_resisted":149,"minecraft:leave_game":6,"minecraft:time_since_death":40575,"minecraft:time_since_rest":40672,"minecraft:sprint_one_cm":130045,"minecraft:damage_taken":665,"minecraft:walk_one_cm":188031,"minecraft:drop":5,"minecraft:damage_dealt":2306,"minecraft:fly_one_cm":91245,"minecraft:crouch_one_cm":11505,"minecraft:play_time":61037,"minecraft:deaths":1,"minecraft:sneak_time":3945,"minecraft:walk_under_water_one_cm":3133,"minecraft:jump":525,"minecraft:walk_on_water_one_cm":2617,"minecraft:total_world_time":61037,"minecraft:fall_one_cm":10737},"minecraft:killed_by":{"born_in_chaos_v1:baby_skeleton_minion":1},"minecraft:crafted":{"minecraft:cooked_beef":1,"minecraft:oak_door":3,"minecraft:oak_planks":212,"minecraft:stone_shovel":1,"minecraft:wooden_pickaxe":1,"minecraft:furnace":1,"minecraft:stone_axe":1,"minecraft:air":0,"minecraft:charcoal":3,"minecraft:stick":12,"minecraft:stone_pickaxe":1,"minecraft:oak_stairs":8,"minecraft:wooden_axe":4,"minecraft:torch":4,"minecraft:oak_fence":21},"minecraft:broken":{"minecraft:wooden_axe":3},"minecraft:killed":{"born_in_chaos_v1:bonescaller":1,"born_in_chaos_v1:restless_spirit":1,"born_in_chaos_v1:baby_skeleton_minion":1,"alexsmobs:terrapin":1,"born_in_chaos_v1:corpse_fly":6,"gnumus:gnumus_hunter":1,"minecraft:cow":3},"minecraft:picked_up":{"minecraft:wooden_axe":1,"minecraft:stripped_oak_log":1,"born_in_chaos_v1:corpse_maggot":8,"minecraft:crafting_table":1,"gnumus:overripe_carrot":3,"minecraft:leather":3,"minecraft:chain":2,"minecraft:oak_log":95,"gravestone:obituary":2,"minecraft:lapis_lazuli":13,"minecraft:dirt":12,"minecraft:raw_copper":25,"gnumus:gnumus_pouch_2":1,"minecraft:apple":1,"minecraft:wheat_seeds":9,"minecraft:beef":4,"minecraft:sugar_cane":6,"minecraft:oak_planks":40,"minecraft:birch_sapling":11,"minecraft:stick":33,"minecraft:oak_door":2,"minecraft:oak_fence":2,"minecraft:torch":1,"born_in_chaos_v1:ethereal_spirit":1,"minecraft:sand":87,"born_in_chaos_v1:pieceofdarkmetal":1,"minecraft:rotten_flesh":4,"minecraft:granite":3,"gnumus:gnumus_chickpeas":5,"minecraft:oak_sapling":39,"born_in_chaos_v1:rotten_fish":1,"gnumus:mouse_skin":4,"minecraft:cobblestone":33,"minecraft:birch_log":19},"minecraft:dropped":{"minecraft:oak_planks":5,"minecraft:wooden_axe":1,"gravestone:obituary":3}},"DataVersion":3465}