{"stats":{"minecraft:used":{"born_in_chaos_v1:corpse_maggot":3,"minecraft:oak_log":6,"minecraft:oak_fence":22,"minecraft:wooden_axe":105,"minecraft:apple":1,"minecraft:oak_stairs":6,"minecraft:oak_planks":172,"gnumus:overripe_carrot":3,"minecraft:sand":1,"born_in_chaos_v1:rotten_fish":1,"minecraft:crafting_table":1,"alexsmobs:animal_dictionary":1},"minecraft:mined":{"treechop:chopped_log":9,"minecraft:oak_fence":1,"minecraft:crafting_table":1,"gravestone:gravestone":1,"minecraft:grass":39,"minecraft:oak_log":15,"minecraft:sand":1,"minecraft:tall_grass":7,"minecraft:sugar_cane":6,"minecraft:oak_planks":24},"minecraft:custom":{"minecraft:time_since_rest":16672,"minecraft:sprint_one_cm":89577,"minecraft:damage_taken":525,"minecraft:walk_one_cm":117242,"minecraft:mob_kills":10,"minecraft:drop":4,"minecraft:damage_dealt":1565,"minecraft:interact_with_crafting_table":14,"minecraft:fly_one_cm":57286,"minecraft:crouch_one_cm":10029,"minecraft:play_time":37037,"minecraft:deaths":1,"minecraft:sneak_time":3164,"minecraft:walk_under_water_one_cm":3133,"minecraft:damage_dealt_resisted":149,"minecraft:jump":344,"minecraft:leave_game":6,"minecraft:time_since_death":16575,"minecraft:walk_on_water_one_cm":2010,"minecraft:total_world_time":37037,"minecraft:fall_one_cm":7196},"minecraft:killed_by":{"born_in_chaos_v1:baby_skeleton_minion":1},"minecraft:crafted":{"minecraft:oak_planks":200,"minecraft:stick":12,"minecraft:wooden_axe":3,"minecraft:oak_stairs":8,"minecraft:oak_fence":21},"minecraft:broken":{"minecraft:wooden_axe":2},"minecraft:killed":{"born_in_chaos_v1:bonescaller":1,"alexsmobs:terrapin":1,"born_in_chaos_v1:restless_spirit":1,"born_in_chaos_v1:corpse_fly":2,"gnumus:gnumus_hunter":1,"born_in_chaos_v1:baby_skeleton_minion":1,"minecraft:cow":3},"minecraft:picked_up":{"minecraft:wooden_axe":1,"born_in_chaos_v1:corpse_maggot":3,"minecraft:stick":17,"minecraft:crafting_table":1,"gnumus:overripe_carrot":3,"minecraft:oak_fence":1,"minecraft:leather":3,"born_in_chaos_v1:ethereal_spirit":1,"minecraft:sand":1,"minecraft:oak_log":56,"gravestone:obituary":2,"minecraft:chain":2,"born_in_chaos_v1:pieceofdarkmetal":1,"gnumus:gnumus_pouch_2":1,"minecraft:apple":1,"minecraft:wheat_seeds":9,"minecraft:beef":4,"gnumus:gnumus_chickpeas":5,"born_in_chaos_v1:rotten_fish":1,"minecraft:oak_sapling":23,"gnumus:mouse_skin":4,"minecraft:sugar_cane":6,"minecraft:birch_sapling":4,"minecraft:oak_planks":27},"minecraft:dropped":{"minecraft:wooden_axe":1,"gravestone:obituary":3}},"DataVersion":3465}