{"stats":{"minecraft:used":{"minecraft:oak_fence":23,"minecraft:stone_shovel":86,"minecraft:chest":2,"born_in_chaos_v1:smoked_fish":2,"minecraft:stone_hoe":7,"minecraft:rotten_flesh":3,"minecraft:oak_door":4,"minecraft:torch":34,"minecraft:dirt":2,"minecraft:glass":3,"born_in_chaos_v1:corpse_maggot":9,"beautify:lamp_light_bulb":2,"minecraft:wooden_axe":180,"born_in_chaos_v1:smoked_flesh":7,"bakery:oat_seeds":6,"minecraft:iron_axe":171,"minecraft:oak_stairs":8,"minecraft:beef":1,"minecraft:furnace":1,"minecraft:oak_sapling":24,"minecraft:cooked_beef":5,"minecraft:wheat_seeds":4,"minecraft:cooked_mutton":3,"minecraft:stone_pickaxe":135,"minecraft:oak_planks":173,"minecraft:wooden_pickaxe":43,"gnumus:overripe_carrot":3,"minecraft:sugar_cane":6,"minecraft:blue_bed":1,"minecraft:sand":1,"minecraft:crafting_table":1,"minecraft:shears":2,"minecraft:oak_log":6,"waystones:waystone":1,"minecraft:apple":1,"gnumus:gnumus_chickpeas":5,"minecraft:iron_pickaxe":13,"minecraft:stone_axe":163,"minecraft:cobblestone":5,"born_in_chaos_v1:rotten_fish":1,"minecraft:cooked_rabbit":1,"minecraft:glass_pane":35,"alexsmobs:animal_dictionary":1,"minecraft:bone_meal":2},"minecraft:mined":{"minecraft:oak_sapling":2,"minecraft:oak_door":2,"bakery:oat_crop":4,"minecraft:granite":3,"gravestone:gravestone":1,"minecraft:grass_block":1,"biomesoplenty:white_petals":4,"biomesoplenty:tundra_shrub":15,"biomesoplenty:toadstool":2,"minecraft:iron_ore":28,"treechop:chopped_log":24,"biomesoplenty:webbing":2,"biomesoplenty:barley":10,"minecraft:stone":46,"minecraft:brown_mushroom":13,"minecraft:glass_pane":1,"brewery:wild_hops":3,"minecraft:crafting_table":1,"minecraft:oak_fence":2,"minecraft:cornflower":11,"minecraft:torch":6,"minecraft:emerald_ore":1,"biomesoplenty:snowblossom_leaves":1,"minecraft:dead_bush":1,"minecraft:mushroom_stem":1,"minecraft:glass":3,"minecraft:copper_ore":23,"minecraft:tall_grass":7,"minecraft:cobblestone":2,"biomesoplenty:sprout":1,"minecraft:lapis_ore":2,"minecraft:sugar_cane":6,"minecraft:oak_planks":31,"minecraft:wall_torch":7,"minecraft:mud":1,"minecraft:birch_log":4,"minecraft:wheat":1,"biomesoplenty:maple_leaves":2,"minecraft:grass":82,"minecraft:oak_log":29,"minecraft:coal_ore":80,"minecraft:gravel":1,"minecraft:sand":87,"minecraft:dirt":8,"biomesoplenty:stringy_cobweb":1,"minecraft:oak_leaves":3,"minecraft:fern":11},"minecraft:custom":{"minecraft:mob_kills":70,"minecraft:interact_with_crafting_table":55,"minecraft:damage_dealt_resisted":149,"minecraft:leave_game":7,"minecraft:time_since_death":129637,"minecraft:climb_one_cm":1415,"minecraft:sprint_one_cm":343870,"minecraft:walk_one_cm":399305,"minecraft:drop":21,"minecraft:damage_dealt_absorbed":18,"minecraft:talked_to_villager":1,"minecraft:play_time":150099,"minecraft:deaths":1,"minecraft:sneak_time":5748,"minecraft:walk_under_water_one_cm":12330,"minecraft:jump":2084,"minecraft:interact_with_blast_furnace":1,"minecraft:walk_on_water_one_cm":13387,"minecraft:total_world_time":150099,"minecraft:interact_with_furnace":44,"minecraft:sleep_in_bed":1,"minecraft:waystone_activated":1,"minecraft:time_since_rest":44720,"minecraft:damage_taken":1217,"minecraft:damage_dealt":10704,"minecraft:swim_one_cm":23010,"minecraft:fly_one_cm":340467,"minecraft:open_chest":34,"minecraft:crouch_one_cm":13790,"minecraft:interact_with_smoker":21,"minecraft:fall_one_cm":46436},"minecraft:killed_by":{"born_in_chaos_v1:baby_skeleton_minion":1},"minecraft:crafted":{"minecraft:oak_door":3,"minecraft:oak_planks":244,"minecraft:stone_shovel":1,"minecraft:leather_leggings":1,"minecraft:iron_nugget":9,"minecraft:furnace":1,"minecraft:bone_meal":3,"mcwwindows:hammer":1,"minecraft:cooked_mutton":3,"minecraft:glass_pane":64,"minecraft:glass":39,"minecraft:leather":4,"minecraft:iron_axe":1,"minecraft:stone_pickaxe":3,"minecraft:chest":2,"minecraft:stone_hoe":1,"minecraft:oak_fence":21,"minecraft:cooked_rabbit":3,"minecraft:cooked_beef":7,"minecraft:oak_slab":6,"born_in_chaos_v1:smoked_fish":2,"minecraft:cooked_porkchop":6,"minecraft:wooden_pickaxe":1,"bakery:oat_seeds":2,"minecraft:blue_bed":2,"minecraft:copper_ingot":3,"minecraft:stone_axe":2,"minecraft:air":0,"minecraft:blue_dye":11,"minecraft:charcoal":22,"minecraft:stick":20,"born_in_chaos_v1:smoked_flesh":4,"minecraft:iron_ingot":38,"minecraft:iron_pickaxe":1,"minecraft:oak_stairs":8,"minecraft:wooden_axe":4,"minecraft:blue_wool":6,"minecraft:torch":32,"beautify:lamp_light_bulb":2,"minecraft:shears":1},"minecraft:broken":{"minecraft:stone_pickaxe":1,"minecraft:iron_axe":1,"minecraft:stone_axe":2,"minecraft:wooden_axe":4},"minecraft:killed":{"born_in_chaos_v1:zombie_lumberjack":2,"born_in_chaos_v1:restless_spirit":2,"minecraft:spider":1,"born_in_chaos_v1:zombie_bruiser":1,"born_in_chaos_v1:siamese_skeletonsright":1,"born_in_chaos_v1:baby_skeleton_minion":1,"born_in_chaos_v1:maggot":5,"minecraft:skeleton":3,"gnumus:gnumus_hunter":2,"born_in_chaos_v1:corpse_fish":2,"born_in_chaos_v1:bonescaller":1,"minecraft:pig":3,"born_in_chaos_v1:swarmer":1,"born_in_chaos_v1:baby_skeleton":2,"born_in_chaos_v1:decrepit_skeleton":2,"minecraft:sheep":6,"minecraft:zombie":13,"alexsmobs:terrapin":1,"born_in_chaos_v1:corpse_fly":12,"alexsmobs:fly":2,"born_in_chaos_v1:siamese_skeletonsleft":1,"minecraft:cow":5},"minecraft:picked_up":{"minecraft:wooden_axe":1,"minecraft:mud":2,"minecraft:crafting_table":1,"minecraft:wheat":1,"minecraft:chicken":6,"minecraft:brown_mushroom":18,"biomesoplenty:maple_leaves":1,"minecraft:chain":3,"gravestone:obituary":3,"minecraft:cornflower":11,"minecraft:raw_copper":77,"minecraft:beef":8,"minecraft:sugar_cane":6,"minecraft:birch_sapling":11,"minecraft:raw_iron":30,"minecraft:stick":72,"minecraft:oak_door":2,"minecraft:oak_fence":2,"minecraft:torch":15,"minecraft:porkchop":6,"minecraft:cherry_log":37,"born_in_chaos_v1:pieceofdarkmetal":1,"minecraft:carrot":1,"minecraft:arrow":3,"minecraft:rotten_flesh":26,"gnumus:gnumus_chickpeas":5,"biomesoplenty:white_petals":6,"gnumus:mouse_skin":14,"minecraft:mutton":6,"born_in_chaos_v1:fused_bone":1,"minecraft:white_wool":4,"minecraft:cobblestone":49,"minecraft:stripped_oak_log":1,"minecraft:birch_log":19,"born_in_chaos_v1:corpse_maggot":15,"gnumus:overripe_carrot":3,"minecraft:leather":7,"minecraft:brown_wool":1,"biomesoplenty:fir_sapling":65,"biomesoplenty:fir_log":223,"minecraft:oak_log":125,"minecraft:lapis_lazuli":13,"minecraft:dirt":12,"gnumus:gnumus_pouch_2":3,"brewery:hops_seeds":6,"biomesoplenty:snowblossom_sapling":21,"minecraft:bone":5,"minecraft:apple":1,"bakery:oat_seeds":6,"minecraft:wheat_seeds":21,"born_in_chaos_v1:smoked_flesh":8,"minecraft:iron_ingot":2,"bakery:oat":3,"minecraft:oak_planks":40,"biomesoplenty:toadstool":2,"born_in_chaos_v1:ethereal_spirit":3,"minecraft:sand":87,"minecraft:dark_oak_log":2,"biomesoplenty:snowblossom_leaves":1,"waystones:waystone":1,"minecraft:granite":3,"minecraft:bone_meal":2,"minecraft:emerald":1,"alexsmobs:maggot":4,"minecraft:oak_sapling":58,"born_in_chaos_v1:rotten_fish":3,"minecraft:black_wool":1,"minecraft:coal":78},"minecraft:dropped":{"minecraft:wheat_seeds":7,"biomesoplenty:snowblossom_leaves":1,"biomesoplenty:maple_leaves":1,"biomesoplenty:fir_sapling":1,"minecraft:wooden_axe":1,"gravestone:obituary":4,"minecraft:mud":1,"minecraft:blue_bed":1,"biomesoplenty:toadstool":2,"minecraft:oak_planks":5,"biomesoplenty:white_petals":6,"minecraft:wooden_pickaxe":1,"minecraft:cooked_rabbit":2}},"DataVersion":3465}