{"stats":{"minecraft:used":{"minecraft:oak_fence":23,"minecraft:oak_planks":173,"gnumus:overripe_carrot":3,"minecraft:wooden_pickaxe":7,"minecraft:oak_door":4,"minecraft:sand":1,"minecraft:crafting_table":1,"minecraft:oak_log":6,"born_in_chaos_v1:corpse_maggot":3,"minecraft:wooden_axe":138,"minecraft:apple":1,"minecraft:oak_stairs":8,"gnumus:gnumus_chickpeas":5,"born_in_chaos_v1:rotten_fish":1,"minecraft:beef":1,"alexsmobs:animal_dictionary":1},"minecraft:mined":{"minecraft:oak_door":2,"minecraft:oak_fence":2,"minecraft:crafting_table":1,"gravestone:gravestone":1,"minecraft:tall_grass":7,"minecraft:oak_planks":31,"minecraft:sugar_cane":6,"treechop:chopped_log":12,"minecraft:grass":39,"minecraft:oak_log":15,"minecraft:sand":1,"minecraft:dirt":8,"minecraft:stone":7},"minecraft:custom":{"minecraft:mob_kills":10,"minecraft:interact_with_crafting_table":17,"minecraft:damage_dealt_resisted":149,"minecraft:leave_game":6,"minecraft:time_since_death":28575,"minecraft:time_since_rest":28672,"minecraft:sprint_one_cm":101281,"minecraft:damage_taken":545,"minecraft:walk_one_cm":138356,"minecraft:drop":5,"minecraft:damage_dealt":1850,"minecraft:fly_one_cm":69526,"minecraft:crouch_one_cm":10699,"minecraft:play_time":49037,"minecraft:deaths":1,"minecraft:sneak_time":3703,"minecraft:walk_under_water_one_cm":3133,"minecraft:jump":410,"minecraft:walk_on_water_one_cm":2010,"minecraft:total_world_time":49037,"minecraft:fall_one_cm":8856},"minecraft:killed_by":{"born_in_chaos_v1:baby_skeleton_minion":1},"minecraft:crafted":{"minecraft:oak_door":3,"minecraft:oak_planks":208,"minecraft:wooden_pickaxe":1,"minecraft:stick":12,"minecraft:oak_stairs":8,"minecraft:wooden_axe":3,"minecraft:oak_fence":21},"minecraft:broken":{"minecraft:wooden_axe":2},"minecraft:killed":{"born_in_chaos_v1:bonescaller":1,"born_in_chaos_v1:restless_spirit":1,"born_in_chaos_v1:baby_skeleton_minion":1,"alexsmobs:terrapin":1,"born_in_chaos_v1:corpse_fly":2,"gnumus:gnumus_hunter":1,"minecraft:cow":3},"minecraft:picked_up":{"minecraft:wooden_axe":1,"minecraft:stripped_oak_log":1,"born_in_chaos_v1:corpse_maggot":3,"minecraft:crafting_table":1,"gnumus:overripe_carrot":3,"minecraft:leather":3,"minecraft:chain":2,"minecraft:oak_log":71,"gravestone:obituary":2,"minecraft:dirt":7,"gnumus:gnumus_pouch_2":1,"minecraft:apple":1,"minecraft:wheat_seeds":9,"minecraft:beef":4,"minecraft:sugar_cane":6,"minecraft:oak_planks":40,"minecraft:birch_sapling":4,"minecraft:stick":19,"minecraft:oak_door":2,"minecraft:oak_fence":2,"born_in_chaos_v1:ethereal_spirit":1,"minecraft:sand":1,"born_in_chaos_v1:pieceofdarkmetal":1,"minecraft:rotten_flesh":4,"gnumus:gnumus_chickpeas":5,"minecraft:oak_sapling":28,"born_in_chaos_v1:rotten_fish":1,"gnumus:mouse_skin":4,"minecraft:cobblestone":7},"minecraft:dropped":{"minecraft:oak_planks":5,"minecraft:wooden_axe":1,"gravestone:obituary":3}},"DataVersion":3465}