{"stats":{"minecraft:used":{"minecraft:oak_fence":23,"minecraft:stone_shovel":86,"minecraft:chest":2,"born_in_chaos_v1:smoked_fish":2,"minecraft:stone_hoe":7,"minecraft:rotten_flesh":3,"minecraft:oak_door":4,"minecraft:torch":24,"minecraft:dirt":2,"minecraft:glass":3,"born_in_chaos_v1:corpse_maggot":9,"beautify:lamp_light_bulb":2,"minecraft:wooden_axe":180,"bakery:oat_seeds":6,"minecraft:oak_stairs":8,"minecraft:beef":1,"minecraft:furnace":1,"minecraft:oak_sapling":24,"minecraft:cooked_beef":3,"minecraft:wheat_seeds":4,"minecraft:cooked_mutton":3,"minecraft:stone_pickaxe":133,"minecraft:oak_planks":173,"minecraft:wooden_pickaxe":12,"gnumus:overripe_carrot":3,"minecraft:sugar_cane":6,"minecraft:blue_bed":1,"minecraft:sand":1,"minecraft:crafting_table":1,"minecraft:oak_log":6,"waystones:waystone":1,"minecraft:apple":1,"gnumus:gnumus_chickpeas":5,"minecraft:stone_axe":154,"born_in_chaos_v1:rotten_fish":1,"minecraft:cooked_rabbit":1,"minecraft:glass_pane":35,"alexsmobs:animal_dictionary":1,"minecraft:bone_meal":2},"minecraft:mined":{"minecraft:oak_sapling":2,"minecraft:oak_door":2,"bakery:oat_crop":4,"minecraft:granite":3,"gravestone:gravestone":1,"minecraft:grass_block":1,"minecraft:iron_ore":20,"treechop:chopped_log":20,"biomesoplenty:webbing":2,"minecraft:stone":36,"minecraft:glass_pane":1,"minecraft:crafting_table":1,"minecraft:oak_fence":2,"minecraft:cornflower":11,"minecraft:torch":2,"minecraft:glass":3,"minecraft:copper_ore":23,"minecraft:tall_grass":7,"minecraft:lapis_ore":2,"minecraft:sugar_cane":6,"minecraft:oak_planks":31,"minecraft:wall_torch":5,"minecraft:birch_log":4,"minecraft:wheat":1,"minecraft:grass":77,"minecraft:oak_log":27,"minecraft:coal_ore":56,"minecraft:gravel":1,"minecraft:sand":87,"minecraft:dirt":8,"biomesoplenty:stringy_cobweb":1,"minecraft:oak_leaves":3,"minecraft:fern":6},"minecraft:custom":{"minecraft:mob_kills":46,"minecraft:interact_with_crafting_table":52,"minecraft:damage_dealt_resisted":149,"minecraft:leave_game":7,"minecraft:time_since_death":105637,"minecraft:climb_one_cm":1415,"minecraft:sprint_one_cm":263542,"minecraft:walk_one_cm":327878,"minecraft:drop":9,"minecraft:damage_dealt_absorbed":18,"minecraft:talked_to_villager":1,"minecraft:play_time":126099,"minecraft:deaths":1,"minecraft:sneak_time":5100,"minecraft:walk_under_water_one_cm":11491,"minecraft:jump":1509,"minecraft:walk_on_water_one_cm":13124,"minecraft:total_world_time":126099,"minecraft:interact_with_furnace":39,"minecraft:sleep_in_bed":1,"minecraft:waystone_activated":1,"minecraft:time_since_rest":20720,"minecraft:damage_taken":984,"minecraft:damage_dealt":6854,"minecraft:swim_one_cm":23010,"minecraft:fly_one_cm":250621,"minecraft:open_chest":34,"minecraft:crouch_one_cm":13454,"minecraft:interact_with_smoker":11,"minecraft:fall_one_cm":32762},"minecraft:killed_by":{"born_in_chaos_v1:baby_skeleton_minion":1},"minecraft:crafted":{"minecraft:oak_door":3,"minecraft:oak_planks":240,"minecraft:stone_shovel":1,"minecraft:leather_leggings":1,"minecraft:iron_nugget":9,"minecraft:furnace":1,"minecraft:bone_meal":3,"mcwwindows:hammer":1,"minecraft:cooked_mutton":3,"minecraft:glass_pane":64,"minecraft:glass":39,"minecraft:leather":4,"minecraft:iron_axe":1,"minecraft:stone_pickaxe":1,"minecraft:chest":2,"minecraft:stone_hoe":1,"minecraft:oak_fence":21,"minecraft:cooked_rabbit":3,"minecraft:cooked_beef":3,"minecraft:oak_slab":6,"born_in_chaos_v1:smoked_fish":2,"minecraft:wooden_pickaxe":1,"bakery:oat_seeds":2,"minecraft:blue_bed":2,"minecraft:copper_ingot":3,"minecraft:stone_axe":2,"minecraft:air":0,"minecraft:blue_dye":11,"minecraft:charcoal":22,"minecraft:stick":12,"minecraft:iron_ingot":15,"minecraft:iron_pickaxe":1,"minecraft:oak_stairs":8,"minecraft:wooden_axe":4,"minecraft:blue_wool":6,"minecraft:torch":32,"beautify:lamp_light_bulb":2},"minecraft:broken":{"minecraft:stone_pickaxe":1,"minecraft:stone_axe":1,"minecraft:wooden_axe":4},"minecraft:killed":{"born_in_chaos_v1:zombie_lumberjack":1,"born_in_chaos_v1:restless_spirit":2,"born_in_chaos_v1:siamese_skeletonsright":1,"born_in_chaos_v1:baby_skeleton_minion":1,"born_in_chaos_v1:maggot":3,"minecraft:skeleton":2,"gnumus:gnumus_hunter":1,"born_in_chaos_v1:corpse_fish":2,"born_in_chaos_v1:bonescaller":1,"born_in_chaos_v1:baby_skeleton":1,"born_in_chaos_v1:decrepit_skeleton":1,"minecraft:sheep":6,"minecraft:zombie":11,"alexsmobs:terrapin":1,"born_in_chaos_v1:corpse_fly":6,"alexsmobs:fly":2,"born_in_chaos_v1:siamese_skeletonsleft":1,"minecraft:cow":3},"minecraft:picked_up":{"minecraft:wooden_axe":1,"minecraft:crafting_table":1,"minecraft:wheat":1,"minecraft:chain":3,"gravestone:obituary":3,"minecraft:cornflower":11,"minecraft:raw_copper":77,"minecraft:beef":4,"minecraft:sugar_cane":6,"minecraft:birch_sapling":11,"minecraft:raw_iron":22,"minecraft:stick":40,"minecraft:oak_door":2,"minecraft:oak_fence":2,"minecraft:torch":9,"minecraft:cherry_log":1,"born_in_chaos_v1:pieceofdarkmetal":1,"minecraft:arrow":3,"minecraft:rotten_flesh":17,"gnumus:gnumus_chickpeas":5,"gnumus:mouse_skin":6,"minecraft:mutton":6,"minecraft:white_wool":4,"minecraft:cobblestone":39,"minecraft:stripped_oak_log":1,"minecraft:birch_log":19,"born_in_chaos_v1:corpse_maggot":9,"gnumus:overripe_carrot":3,"minecraft:leather":3,"minecraft:brown_wool":1,"minecraft:oak_log":123,"minecraft:lapis_lazuli":13,"minecraft:dirt":12,"gnumus:gnumus_pouch_2":1,"minecraft:bone":4,"minecraft:apple":1,"bakery:oat_seeds":6,"minecraft:wheat_seeds":18,"minecraft:iron_ingot":2,"bakery:oat":3,"minecraft:oak_planks":40,"born_in_chaos_v1:ethereal_spirit":3,"minecraft:sand":87,"minecraft:dark_oak_log":2,"waystones:waystone":1,"minecraft:granite":3,"minecraft:bone_meal":2,"alexsmobs:maggot":4,"minecraft:oak_sapling":58,"born_in_chaos_v1:rotten_fish":3,"minecraft:black_wool":1,"minecraft:coal":56},"minecraft:dropped":{"minecraft:wheat_seeds":1,"minecraft:wooden_axe":1,"gravestone:obituary":4,"minecraft:blue_bed":1,"minecraft:oak_planks":5,"minecraft:cooked_rabbit":2}},"DataVersion":3465}