{"stats":{"minecraft:used":{"minecraft:oak_fence":23,"minecraft:stone_shovel":86,"minecraft:chest":2,"born_in_chaos_v1:smoked_fish":2,"born_in_chaos_v1:black_argillite":1,"minecraft:iron_sword":103,"minecraft:cooked_salmon":5,"minecraft:stone_hoe":7,"minecraft:rotten_flesh":3,"minecraft:oak_door":4,"minecraft:torch":64,"minecraft:dirt":2,"minecraft:tuff":1,"minecraft:glass":3,"born_in_chaos_v1:corpse_maggot":9,"beautify:lamp_light_bulb":2,"minecraft:wooden_axe":180,"born_in_chaos_v1:smoked_flesh":9,"bakery:oat_seeds":6,"minecraft:iron_axe":171,"minecraft:oak_stairs":8,"minecraft:beef":1,"minecraft:furnace":1,"minecraft:oak_sapling":24,"minecraft:cooked_beef":7,"minecraft:cobbled_deepslate":6,"minecraft:wheat_seeds":4,"minecraft:cooked_mutton":3,"minecraft:stone_pickaxe":200,"minecraft:oak_planks":173,"biomesoplenty:webbing":1,"minecraft:wooden_pickaxe":43,"gnumus:overripe_carrot":3,"minecraft:sugar_cane":6,"minecraft:blue_bed":1,"bakery:sandwich":1,"minecraft:sand":1,"minecraft:crafting_table":1,"minecraft:shears":2,"minecraft:oak_log":6,"waystones:waystone":1,"minecraft:apple":1,"gnumus:gnumus_chickpeas":10,"minecraft:iron_pickaxe":51,"minecraft:stone_axe":257,"minecraft:cobblestone":29,"born_in_chaos_v1:rotten_fish":1,"minecraft:cooked_porkchop":4,"minecraft:cooked_rabbit":1,"minecraft:glass_pane":35,"alexsmobs:animal_dictionary":1,"minecraft:bone_meal":2},"minecraft:mined":{"minecraft:tuff":1,"minecraft:oak_sapling":2,"minecraft:oak_door":2,"farmersdelight:wild_carrots":14,"born_in_chaos_v1:infected_diamond_ore":1,"minecraft:carved_pumpkin":1,"bakery:oat_crop":4,"minecraft:granite":3,"gravestone:gravestone":2,"minecraft:grass_block":1,"born_in_chaos_v1:black_argillite":1,"biomesoplenty:white_petals":4,"biomesoplenty:tundra_shrub":17,"minecraft:redstone_ore":2,"biomesoplenty:toadstool":2,"minecraft:cobbled_deepslate":1,"minecraft:iron_ore":43,"minecraft:andesite":1,"minecraft:pumpkin":37,"treechop:chopped_log":24,"minecraft:deepslate_lapis_ore":5,"minecraft:deepslate_iron_ore":18,"biomesoplenty:webbing":15,"biomesoplenty:barley":10,"biomesoplenty:spider_egg":6,"minecraft:stone":67,"minecraft:deepslate_redstone_ore":3,"minecraft:brown_mushroom":15,"minecraft:glass_pane":1,"brewery:wild_hops":3,"biomesoplenty:hanging_cobweb_strand":1,"minecraft:crafting_table":1,"minecraft:oak_fence":2,"minecraft:cornflower":11,"minecraft:torch":6,"minecraft:emerald_ore":1,"biomesoplenty:snowblossom_leaves":1,"minecraft:dead_bush":1,"minecraft:mushroom_stem":2,"minecraft:glass":3,"minecraft:copper_ore":23,"minecraft:tall_grass":7,"minecraft:cobblestone":6,"minecraft:deepslate_gold_ore":12,"biomesoplenty:sprout":4,"minecraft:lapis_ore":2,"minecraft:sugar_cane":6,"minecraft:oak_planks":31,"minecraft:wall_torch":8,"minecraft:coarse_dirt":6,"minecraft:mud":1,"minecraft:birch_log":4,"minecraft:wheat":1,"biomesoplenty:maple_leaves":2,"minecraft:grass":87,"minecraft:oak_log":30,"minecraft:coal_ore":80,"minecraft:gravel":1,"minecraft:sand":87,"minecraft:dirt":9,"biomesoplenty:stringy_cobweb":4,"minecraft:cobweb":5,"minecraft:deepslate":17,"minecraft:oak_leaves":3,"minecraft:fern":14},"minecraft:custom":{"minecraft:mob_kills":94,"minecraft:interact_with_crafting_table":62,"minecraft:open_barrel":6,"minecraft:damage_dealt_resisted":188,"minecraft:leave_game":7,"minecraft:time_since_death":45781,"minecraft:climb_one_cm":1513,"minecraft:sprint_one_cm":420911,"minecraft:walk_one_cm":520576,"minecraft:drop":51,"minecraft:damage_dealt_absorbed":18,"minecraft:talked_to_villager":1,"minecraft:play_time":198099,"minecraft:deaths":2,"minecraft:sneak_time":8049,"minecraft:walk_under_water_one_cm":12483,"minecraft:jump":2889,"minecraft:interact_with_blast_furnace":4,"minecraft:walk_on_water_one_cm":13538,"minecraft:total_world_time":198099,"minecraft:interact_with_furnace":44,"minecraft:interact_with_cartography_table":2,"minecraft:sleep_in_bed":3,"minecraft:waystone_activated":1,"minecraft:time_since_rest":2157,"minecraft:damage_taken":2515,"minecraft:damage_dealt":16911,"minecraft:player_kills":1,"minecraft:swim_one_cm":26554,"minecraft:fly_one_cm":475231,"minecraft:open_chest":34,"minecraft:crouch_one_cm":17835,"minecraft:interact_with_smoker":27,"minecraft:fall_one_cm":67743},"minecraft:killed_by":{"born_in_chaos_v1:baby_skeleton_minion":1,"minecraft:spider":1},"minecraft:crafted":{"minecraft:oak_door":3,"minecraft:oak_planks":260,"minecraft:stone_shovel":1,"minecraft:leather_leggings":1,"minecraft:iron_nugget":9,"minecraft:furnace":1,"minecraft:bone_meal":3,"mcwwindows:hammer":1,"minecraft:cooked_mutton":3,"minecraft:glass_pane":64,"minecraft:glass":39,"minecraft:leather":8,"minecraft:iron_axe":1,"minecraft:stone_pickaxe":3,"minecraft:chest":4,"minecraft:stone_hoe":1,"minecraft:oak_fence":21,"minecraft:cooked_rabbit":3,"sophisticatedbackpacks:iron_backpack":2,"minecraft:cooked_beef":7,"minecraft:oak_slab":6,"sophisticatedbackpacks:backpack":2,"born_in_chaos_v1:smoked_fish":2,"minecraft:cooked_porkchop":6,"minecraft:wooden_pickaxe":1,"bakery:oat_seeds":2,"minecraft:blue_bed":2,"minecraft:cooked_salmon":7,"minecraft:copper_ingot":3,"minecraft:stone_axe":3,"minecraft:air":0,"minecraft:blue_dye":11,"minecraft:charcoal":22,"minecraft:stick":20,"born_in_chaos_v1:smoked_flesh":4,"minecraft:iron_ingot":38,"minecraft:iron_pickaxe":1,"minecraft:oak_stairs":8,"minecraft:wooden_axe":4,"minecraft:blue_wool":6,"minecraft:torch":52,"beautify:lamp_light_bulb":2,"minecraft:shears":1},"minecraft:broken":{"minecraft:stone_pickaxe":1,"minecraft:iron_axe":1,"minecraft:stone_axe":3,"minecraft:wooden_axe":4},"minecraft:killed":{"minecraft:cave_spider":5,"born_in_chaos_v1:zombie_lumberjack":3,"born_in_chaos_v1:restless_spirit":2,"minecraft:spider":2,"born_in_chaos_v1:zombie_bruiser":2,"born_in_chaos_v1:siamese_skeletonsright":1,"born_in_chaos_v1:baby_skeleton_minion":1,"born_in_chaos_v1:maggot":6,"minecraft:skeleton":3,"gnumus:gnumus_hunter":4,"born_in_chaos_v1:skeleton_thrasher":1,"born_in_chaos_v1:corpse_fish":2,"artifacts:mimic":2,"born_in_chaos_v1:bonescaller":1,"minecraft:pig":3,"born_in_chaos_v1:diamond_termite":2,"born_in_chaos_v1:swarmer":1,"born_in_chaos_v1:baby_skeleton":2,"minecraft:creeper":1,"born_in_chaos_v1:decrepit_skeleton":2,"minecraft:sheep":6,"alexsmobs:cockroach":1,"minecraft:zombie":17,"alexsmobs:terrapin":1,"born_in_chaos_v1:corpse_fly":12,"alexsmobs:fly":3,"minecraft:enderman":1,"born_in_chaos_v1:siamese_skeletonsleft":1,"minecraft:cow":5},"minecraft:picked_up":{"minecraft:wooden_axe":1,"born_in_chaos_v1:diamond_termite_shard":2,"minecraft:mud":4,"minecraft:coarse_dirt":6,"minecraft:crafting_table":1,"minecraft:wheat":1,"minecraft:chicken":9,"gnumus:gnumus_claw":2,"minecraft:brown_mushroom":21,"biomesoplenty:maple_leaves":1,"minecraft:chain":3,"gravestone:obituary":3,"minecraft:shield":1,"born_in_chaos_v1:black_argillite":2,"minecraft:cornflower":11,"minecraft:string":12,"minecraft:raw_copper":77,"minecraft:cobbled_deepslate":18,"minecraft:beef":8,"minecraft:sugar_cane":6,"minecraft:birch_sapling":19,"minecraft:raw_iron":54,"minecraft:stick":72,"minecraft:oak_door":2,"minecraft:oak_fence":2,"minecraft:torch":23,"minecraft:bowl":12,"minecraft:porkchop":6,"minecraft:cherry_log":37,"minecraft:redstone":23,"born_in_chaos_v1:pieceofdarkmetal":1,"minecraft:carrot":13,"minecraft:arrow":3,"minecraft:rotten_flesh":33,"gnumus:gnumus_chickpeas":10,"biomesoplenty:white_petals":6,"gnumus:mouse_skin":26,"bakery:sandwich":2,"minecraft:mutton":6,"born_in_chaos_v1:fused_bone":1,"minecraft:white_wool":4,"minecraft:cobblestone":92,"minecraft:stripped_oak_log":1,"minecraft:birch_log":19,"born_in_chaos_v1:corpse_maggot":15,"minecraft:andesite":1,"minecraft:glow_ink_sac":3,"gnumus:overripe_carrot":3,"minecraft:leather":7,"minecraft:brown_wool":1,"biomesoplenty:fir_sapling":65,"biomesoplenty:fir_log":223,"minecraft:tuff":1,"minecraft:oak_log":126,"minecraft:lapis_lazuli":49,"minecraft:dirt":12,"gnumus:gnumus_pouch_2":6,"brewery:hops_seeds":6,"biomesoplenty:snowblossom_sapling":21,"minecraft:bone":11,"minecraft:apple":1,"alexsmobs:cockroach_wing_fragment":1,"bakery:oat_seeds":6,"minecraft:wheat_seeds":22,"minecraft:raw_gold":11,"biomesoplenty:webbing":11,"born_in_chaos_v1:smoked_flesh":11,"minecraft:iron_ingot":24,"artifacts:kitty_slippers":1,"bakery:oat":3,"minecraft:rabbit":3,"minecraft:iron_sword":1,"minecraft:oak_planks":43,"biomesoplenty:toadstool":2,"artifacts:obsidian_skull":1,"minecraft:pumpkin":36,"born_in_chaos_v1:ethereal_spirit":3,"minecraft:gravel":1,"born_in_chaos_v1:dark_rod":1,"minecraft:sand":87,"gnumus:gnumus_cheese":1,"minecraft:dark_oak_log":2,"biomesoplenty:snowblossom_leaves":1,"waystones:waystone":1,"minecraft:granite":3,"minecraft:bone_meal":2,"minecraft:emerald":1,"alexsmobs:banana_slug_slime":1,"alexsmobs:maggot":4,"minecraft:oak_sapling":58,"born_in_chaos_v1:rotten_fish":3,"minecraft:black_wool":1,"minecraft:coal":78},"minecraft:dropped":{"sophisticatedbackpacks:iron_backpack":1,"minecraft:iron_ingot":27,"minecraft:wheat_seeds":8,"minecraft:cobblestone":34,"biomesoplenty:snowblossom_leaves":1,"minecraft:coal":18,"biomesoplenty:maple_leaves":1,"biomesoplenty:fir_sapling":1,"born_in_chaos_v1:black_argillite":1,"minecraft:torch":5,"artifacts:obsidian_skull":1,"minecraft:wooden_axe":1,"born_in_chaos_v1:fused_bone":1,"gravestone:obituary":4,"minecraft:mud":4,"minecraft:blue_bed":1,"minecraft:bone":5,"biomesoplenty:toadstool":2,"minecraft:bowl":12,"minecraft:stone_shovel":1,"minecraft:rotten_flesh":2,"born_in_chaos_v1:smoked_flesh":3,"minecraft:oak_planks":11,"biomesoplenty:white_petals":6,"born_in_chaos_v1:corpse_maggot":6,"minecraft:arrow":2,"minecraft:wooden_pickaxe":1,"born_in_chaos_v1:dark_rod":1,"minecraft:cooked_rabbit":2,"biomesoplenty:webbing":10}},"DataVersion":3465}