{"stats":{"minecraft:used":{"minecraft:wheat_seeds":4,"minecraft:oak_fence":23,"minecraft:stone_shovel":86,"minecraft:stone_pickaxe":60,"minecraft:oak_planks":173,"minecraft:chest":2,"gnumus:overripe_carrot":3,"minecraft:wooden_pickaxe":8,"minecraft:stone_hoe":7,"minecraft:rotten_flesh":3,"minecraft:oak_door":4,"minecraft:torch":7,"minecraft:dirt":2,"minecraft:sand":1,"minecraft:crafting_table":1,"beautify:lamp_light_bulb":2,"minecraft:oak_log":6,"born_in_chaos_v1:corpse_maggot":4,"minecraft:wooden_axe":180,"bakery:oat_seeds":2,"minecraft:apple":1,"minecraft:oak_stairs":8,"gnumus:gnumus_chickpeas":5,"minecraft:stone_axe":85,"born_in_chaos_v1:rotten_fish":1,"minecraft:beef":1,"minecraft:oak_sapling":24,"minecraft:furnace":1,"minecraft:glass_pane":34,"alexsmobs:animal_dictionary":1,"minecraft:cooked_beef":3},"minecraft:mined":{"minecraft:oak_sapling":2,"minecraft:oak_door":2,"minecraft:oak_fence":2,"minecraft:crafting_table":1,"minecraft:granite":3,"gravestone:gravestone":1,"minecraft:grass_block":1,"minecraft:copper_ore":23,"minecraft:tall_grass":7,"minecraft:lapis_ore":2,"minecraft:oak_planks":31,"minecraft:sugar_cane":6,"minecraft:wall_torch":3,"minecraft:birch_log":4,"minecraft:iron_ore":3,"treechop:chopped_log":20,"minecraft:grass":43,"minecraft:oak_log":27,"minecraft:sand":87,"minecraft:dirt":8,"minecraft:stone":35,"minecraft:oak_leaves":3},"minecraft:custom":{"minecraft:interact_with_furnace":26,"minecraft:mob_kills":24,"minecraft:interact_with_crafting_table":28,"minecraft:damage_dealt_resisted":149,"minecraft:leave_game":7,"minecraft:time_since_death":61735,"minecraft:climb_one_cm":1354,"minecraft:time_since_rest":61832,"minecraft:sprint_one_cm":162921,"minecraft:damage_taken":765,"minecraft:walk_one_cm":225743,"minecraft:drop":5,"minecraft:damage_dealt":3955,"minecraft:swim_one_cm":9275,"minecraft:fly_one_cm":127006,"minecraft:open_chest":10,"minecraft:crouch_one_cm":12131,"minecraft:play_time":82197,"minecraft:deaths":1,"minecraft:sneak_time":4276,"minecraft:walk_under_water_one_cm":8150,"minecraft:jump":725,"minecraft:walk_on_water_one_cm":10305,"minecraft:interact_with_smoker":1,"minecraft:total_world_time":82197,"minecraft:fall_one_cm":14698},"minecraft:killed_by":{"born_in_chaos_v1:baby_skeleton_minion":1},"minecraft:crafted":{"minecraft:cooked_beef":3,"minecraft:oak_door":3,"minecraft:oak_planks":228,"minecraft:stone_shovel":1,"minecraft:wooden_pickaxe":1,"bakery:oat_seeds":2,"minecraft:furnace":1,"minecraft:copper_ingot":3,"minecraft:bone_meal":3,"minecraft:stone_axe":1,"minecraft:air":0,"minecraft:glass_pane":64,"minecraft:glass":39,"minecraft:charcoal":22,"minecraft:stick":12,"minecraft:stone_pickaxe":1,"minecraft:oak_stairs":8,"minecraft:wooden_axe":4,"minecraft:chest":2,"minecraft:torch":8,"minecraft:stone_hoe":1,"beautify:lamp_light_bulb":2,"minecraft:oak_fence":21},"minecraft:broken":{"minecraft:wooden_axe":4},"minecraft:killed":{"born_in_chaos_v1:bonescaller":1,"born_in_chaos_v1:zombie_lumberjack":1,"born_in_chaos_v1:restless_spirit":2,"born_in_chaos_v1:baby_skeleton_minion":1,"born_in_chaos_v1:decrepit_skeleton":1,"minecraft:skeleton":1,"minecraft:zombie":3,"alexsmobs:terrapin":1,"born_in_chaos_v1:corpse_fly":6,"gnumus:gnumus_hunter":1,"born_in_chaos_v1:corpse_fish":2,"alexsmobs:fly":1,"minecraft:cow":3},"minecraft:picked_up":{"minecraft:wooden_axe":1,"minecraft:stripped_oak_log":1,"born_in_chaos_v1:corpse_maggot":8,"minecraft:crafting_table":1,"gnumus:overripe_carrot":3,"minecraft:leather":3,"minecraft:chain":3,"minecraft:oak_log":123,"gravestone:obituary":2,"minecraft:lapis_lazuli":13,"minecraft:dirt":12,"minecraft:raw_copper":77,"gnumus:gnumus_pouch_2":1,"minecraft:bone":3,"minecraft:apple":1,"minecraft:wheat_seeds":9,"minecraft:iron_ingot":1,"minecraft:beef":4,"minecraft:sugar_cane":6,"minecraft:oak_planks":40,"minecraft:birch_sapling":11,"minecraft:raw_iron":3,"minecraft:stick":40,"minecraft:oak_door":2,"minecraft:oak_fence":2,"minecraft:torch":3,"born_in_chaos_v1:ethereal_spirit":3,"minecraft:sand":87,"minecraft:cherry_log":1,"born_in_chaos_v1:pieceofdarkmetal":1,"minecraft:dark_oak_log":2,"minecraft:arrow":1,"minecraft:rotten_flesh":9,"minecraft:granite":3,"minecraft:bone_meal":2,"gnumus:gnumus_chickpeas":5,"alexsmobs:maggot":2,"minecraft:oak_sapling":58,"born_in_chaos_v1:rotten_fish":1,"gnumus:mouse_skin":4,"minecraft:cobblestone":35,"minecraft:birch_log":19},"minecraft:dropped":{"minecraft:oak_planks":5,"minecraft:wooden_axe":1,"gravestone:obituary":3}},"DataVersion":3465}