{"stats":{"minecraft:killed":{"born_in_chaos_v1:bonescaller":1,"born_in_chaos_v1:restless_spirit":1,"gnumus:gnumus_hunter":1,"born_in_chaos_v1:baby_skeleton_minion":1,"minecraft:cow":3},"minecraft:crafted":{"minecraft:oak_planks":176,"minecraft:stick":12,"minecraft:wooden_axe":2,"minecraft:oak_stairs":8,"minecraft:oak_fence":21},"minecraft:killed_by":{"born_in_chaos_v1:baby_skeleton_minion":1},"minecraft:broken":{"minecraft:wooden_axe":1},"minecraft:mined":{"treechop:chopped_log":8,"minecraft:oak_fence":1,"minecraft:crafting_table":1,"gravestone:gravestone":1,"minecraft:grass":38,"minecraft:oak_log":15,"minecraft:sand":1,"minecraft:tall_grass":7,"minecraft:sugar_cane":6,"minecraft:oak_planks":24},"minecraft:dropped":{"minecraft:wooden_axe":1,"gravestone:obituary":1},"minecraft:used":{"minecraft:oak_log":6,"minecraft:oak_fence":22,"minecraft:wooden_axe":89,"minecraft:apple":1,"minecraft:oak_stairs":6,"minecraft:oak_planks":139,"gnumus:overripe_carrot":3,"minecraft:sand":1,"minecraft:crafting_table":1,"alexsmobs:animal_dictionary":1},"minecraft:picked_up":{"minecraft:wooden_axe":1,"minecraft:stick":16,"minecraft:crafting_table":1,"gnumus:overripe_carrot":3,"minecraft:oak_fence":1,"minecraft:leather":3,"born_in_chaos_v1:ethereal_spirit":1,"minecraft:sand":1,"minecraft:oak_log":52,"gravestone:obituary":2,"minecraft:chain":2,"born_in_chaos_v1:pieceofdarkmetal":1,"gnumus:gnumus_pouch_2":1,"minecraft:apple":1,"minecraft:wheat_seeds":9,"minecraft:beef":4,"gnumus:gnumus_chickpeas":5,"minecraft:oak_sapling":21,"gnumus:mouse_skin":4,"minecraft:sugar_cane":6,"minecraft:birch_sapling":4,"minecraft:oak_planks":26},"minecraft:custom":{"minecraft:time_since_rest":11258,"minecraft:sprint_one_cm":73328,"minecraft:damage_taken":435,"minecraft:walk_one_cm":99577,"minecraft:mob_kills":7,"minecraft:drop":2,"minecraft:damage_dealt":1196,"minecraft:interact_with_crafting_table":10,"minecraft:fly_one_cm":36012,"minecraft:crouch_one_cm":10029,"minecraft:play_time":31623,"minecraft:deaths":1,"minecraft:sneak_time":2983,"minecraft:walk_under_water_one_cm":2176,"minecraft:damage_dealt_resisted":79,"minecraft:jump":240,"minecraft:leave_game":6,"minecraft:time_since_death":11161,"minecraft:walk_on_water_one_cm":1157,"minecraft:total_world_time":31623,"minecraft:fall_one_cm":5197}},"DataVersion":3465}