{"stats":{"minecraft:used":{"minecraft:birch_planks":4,"minecraft:stone_shovel":132,"minecraft:stone_pickaxe":352,"minecraft:oak_planks":234,"minecraft:ladder":5,"minecraft:wooden_pickaxe":20,"minecraft:oak_door":7,"minecraft:torch":537,"minecraft:dirt":71,"minecraft:crafting_table":5,"minecraft:smoker":3,"minecraft:oak_log":35,"born_in_chaos_v1:corpse_maggot":3,"minecraft:wooden_axe":211,"born_in_chaos_v1:smoked_flesh":1,"minecraft:apple":10,"minecraft:oak_stairs":50,"minecraft:oak_button":1,"minecraft:birch_sapling":1,"minecraft:stone_axe":55,"minecraft:cobblestone":24,"born_in_chaos_v1:rotten_fish":1,"minecraft:oak_sapling":2,"minecraft:furnace":29,"minecraft:birch_log":9,"minecraft:glass_pane":32,"alexsmobs:animal_dictionary":4,"minecraft:dandelion":1},"minecraft:mined":{"minecraft:oak_door":1,"minecraft:stripped_birch_log":10,"minecraft:dandelion":1,"minecraft:crafting_table":2,"gravestone:gravestone":3,"minecraft:granite":63,"minecraft:grass_block":35,"minecraft:tall_grass":5,"minecraft:cobblestone":8,"minecraft:oak_planks":42,"minecraft:wall_torch":6,"minecraft:birch_sapling":1,"minecraft:furnace":15,"minecraft:iron_ore":1,"treechop:chopped_log":19,"minecraft:grass":19,"minecraft:coal_ore":15,"minecraft:oak_log":5,"minecraft:oak_stairs":8,"minecraft:gravel":7,"minecraft:sand":34,"minecraft:dirt":164,"minecraft:stone":258,"minecraft:oak_leaves":10},"minecraft:custom":{"minecraft:interact_with_furnace":22,"minecraft:mob_kills":16,"minecraft:interact_with_crafting_table":57,"minecraft:damage_dealt_resisted":40,"minecraft:leave_game":1,"minecraft:time_since_death":41694,"minecraft:climb_one_cm":1338,"minecraft:time_since_rest":41718,"minecraft:sprint_one_cm":109802,"minecraft:damage_taken":1180,"minecraft:walk_one_cm":605379,"minecraft:drop":26,"minecraft:damage_dealt":2801,"minecraft:swim_one_cm":115192,"minecraft:fly_one_cm":60455,"minecraft:open_chest":4,"minecraft:crouch_one_cm":29582,"minecraft:play_time":119859,"minecraft:deaths":3,"minecraft:sneak_time":8427,"minecraft:walk_under_water_one_cm":31959,"minecraft:jump":795,"minecraft:walk_on_water_one_cm":20145,"minecraft:interact_with_smoker":7,"minecraft:total_world_time":119859,"minecraft:fall_one_cm":12880},"minecraft:killed_by":{"born_in_chaos_v1:bonescaller":1,"minecraft:zombie":1},"minecraft:crafted":{"minecraft:oak_door":6,"minecraft:oak_planks":372,"minecraft:stone_shovel":1,"minecraft:crafting_table":3,"minecraft:wooden_pickaxe":1,"minecraft:furnace":17,"minecraft:copper_ingot":21,"minecraft:birch_planks":4,"minecraft:stone_axe":1,"minecraft:air":0,"minecraft:glass_pane":32,"minecraft:glass":17,"minecraft:charcoal":9,"minecraft:ladder":6,"minecraft:stick":4,"born_in_chaos_v1:smoked_flesh":1,"minecraft:stone_pickaxe":3,"minecraft:wooden_axe":4,"minecraft:oak_stairs":44,"minecraft:oak_button":1,"minecraft:torch":36,"minecraft:smoker":3},"minecraft:broken":{"minecraft:stone_pickaxe":2,"minecraft:wooden_axe":4,"minecraft:stone_shovel":1},"minecraft:killed":{"born_in_chaos_v1:restless_spirit":2,"born_in_chaos_v1:zombie_bruiser":1,"born_in_chaos_v1:baby_skeleton_minion":5,"born_in_chaos_v1:maggot":1,"minecraft:skeleton":1,"born_in_chaos_v1:zombie_fisherman":1,"born_in_chaos_v1:corpse_fly":3,"born_in_chaos_v1:dark_vortex":1,"gnumus:gnumus_hunter":1},"minecraft:picked_up":{"minecraft:birch_log":9,"born_in_chaos_v1:corpse_maggot":4,"minecraft:crafting_table":2,"minecraft:oak_stairs":7,"minecraft:flint":2,"minecraft:oak_log":137,"gravestone:obituary":4,"minecraft:stripped_birch_log":13,"minecraft:lapis_lazuli":7,"minecraft:dirt":191,"gnumus:gnumus_pouch_2":1,"minecraft:bone":4,"minecraft:apple":11,"minecraft:wheat_seeds":3,"minecraft:rabbit":6,"minecraft:sugar_cane":1,"minecraft:oak_planks":35,"minecraft:birch_sapling":9,"minecraft:furnace":15,"minecraft:raw_iron":1,"minecraft:stick":54,"minecraft:oak_door":3,"minecraft:torch":517,"minecraft:dandelion":1,"minecraft:gravel":6,"minecraft:sand":34,"born_in_chaos_v1:dark_rod":3,"minecraft:arrow":1,"minecraft:rotten_flesh":4,"minecraft:granite":59,"gnumus:gnumus_chickpeas":10,"minecraft:oak_sapling":80,"born_in_chaos_v1:rotten_fish":2,"gnumus:mouse_skin":8,"minecraft:cod":6,"minecraft:coal":15,"minecraft:cobblestone":257},"minecraft:dropped":{"minecraft:sugar_cane":1,"minecraft:lapis_lazuli":7,"born_in_chaos_v1:rotten_fish":1,"minecraft:apple":1,"gnumus:mouse_skin":4,"minecraft:cod":3,"minecraft:flint":1,"minecraft:torch":1,"born_in_chaos_v1:corpse_maggot":1,"minecraft:rabbit":3,"gnumus:gnumus_chickpeas":5,"gravestone:obituary":6,"born_in_chaos_v1:dark_rod":1}},"DataVersion":3465}