{"stats":{"minecraft:used":{"minecraft:stone_sword":16,"minecraft:stone_shovel":132,"minecraft:ladder":5,"minecraft:oak_door":7,"minecraft:torch":572,"minecraft:dirt":71,"born_in_chaos_v1:corpse_maggot":3,"minecraft:wooden_axe":211,"born_in_chaos_v1:smoked_flesh":4,"minecraft:oak_stairs":50,"minecraft:birch_sapling":1,"minecraft:furnace":30,"minecraft:oak_sapling":2,"minecraft:cooked_cod":3,"minecraft:diorite":1,"minecraft:birch_planks":4,"minecraft:stone_pickaxe":566,"minecraft:oak_planks":234,"minecraft:wooden_pickaxe":20,"minecraft:blue_bed":1,"minecraft:crafting_table":6,"minecraft:smoker":4,"minecraft:oak_log":35,"minecraft:apple":14,"minecraft:oxeye_daisy":1,"minecraft:oak_button":1,"biomesoplenty:toadstool":2,"minecraft:stone_axe":159,"minecraft:cobblestone":37,"born_in_chaos_v1:rotten_fish":1,"minecraft:cooked_rabbit":2,"minecraft:birch_log":9,"minecraft:glass_pane":32,"alexsmobs:animal_dictionary":4,"minecraft:dandelion":1},"minecraft:mined":{"minecraft:mossy_cobblestone":1,"minecraft:oak_door":1,"minecraft:stripped_birch_log":10,"gravestone:gravestone":3,"minecraft:granite":63,"minecraft:grass_block":35,"minecraft:oxeye_daisy":1,"biomesoplenty:tundra_shrub":1,"minecraft:large_fern":4,"minecraft:furnace":16,"biomesoplenty:toadstool":1,"minecraft:iron_ore":18,"minecraft:andesite":9,"treechop:chopped_log":26,"minecraft:oak_stairs":8,"biomesoplenty:barley":5,"minecraft:stone":331,"minecraft:smoker":1,"minecraft:dandelion":1,"minecraft:crafting_table":3,"minecraft:torch":5,"minecraft:cobblestone":12,"minecraft:tall_grass":5,"minecraft:oak_planks":42,"minecraft:diorite":57,"minecraft:wall_torch":9,"minecraft:birch_sapling":1,"biomesoplenty:maple_leaves":1,"minecraft:grass":27,"minecraft:oak_log":5,"minecraft:coal_ore":61,"biomesoplenty:fir_leaves":1,"minecraft:gravel":8,"minecraft:sand":34,"minecraft:dirt":164,"minecraft:oak_leaves":10,"minecraft:fern":10},"minecraft:custom":{"minecraft:mob_kills":19,"minecraft:interact_with_crafting_table":66,"minecraft:damage_dealt_resisted":40,"minecraft:leave_game":1,"minecraft:time_since_death":89694,"minecraft:climb_one_cm":2557,"minecraft:sprint_one_cm":241631,"minecraft:walk_one_cm":863152,"minecraft:drop":36,"minecraft:talked_to_villager":1,"minecraft:play_time":167859,"minecraft:deaths":3,"minecraft:sneak_time":10081,"minecraft:walk_under_water_one_cm":33021,"minecraft:jump":1591,"minecraft:walk_on_water_one_cm":22045,"minecraft:total_world_time":167859,"minecraft:interact_with_furnace":27,"minecraft:sleep_in_bed":2,"minecraft:time_since_rest":32720,"minecraft:waystone_activated":1,"minecraft:damage_taken":1340,"minecraft:damage_dealt":3311,"minecraft:swim_one_cm":119639,"minecraft:fly_one_cm":152748,"minecraft:open_chest":14,"minecraft:crouch_one_cm":34652,"minecraft:interact_with_smoker":20,"minecraft:fall_one_cm":25160},"minecraft:killed_by":{"born_in_chaos_v1:bonescaller":1,"minecraft:zombie":1},"minecraft:crafted":{"minecraft:oak_door":6,"minecraft:oak_planks":380,"minecraft:stone_shovel":1,"minecraft:furnace":19,"minecraft:glass_pane":32,"minecraft:glass":17,"minecraft:ladder":6,"minecraft:stone_pickaxe":5,"minecraft:oak_button":1,"minecraft:smoker":4,"minecraft:cooked_cod":3,"minecraft:crafting_table":4,"minecraft:wooden_pickaxe":1,"minecraft:copper_ingot":21,"minecraft:birch_planks":4,"minecraft:stone_axe":2,"minecraft:air":0,"minecraft:charcoal":9,"minecraft:stick":4,"born_in_chaos_v1:smoked_flesh":12,"minecraft:oak_stairs":44,"minecraft:wooden_axe":4,"minecraft:stone_sword":1,"minecraft:torch":76},"minecraft:broken":{"minecraft:stone_pickaxe":4,"minecraft:stone_axe":1,"minecraft:wooden_axe":4,"minecraft:stone_shovel":1},"minecraft:killed":{"born_in_chaos_v1:restless_spirit":2,"born_in_chaos_v1:zombie_bruiser":1,"born_in_chaos_v1:baby_skeleton_minion":5,"born_in_chaos_v1:maggot":2,"minecraft:skeleton":2,"gnumus:gnumus_hunter":1,"minecraft:pig":1,"born_in_chaos_v1:zombie_fisherman":1,"born_in_chaos_v1:corpse_fly":3,"born_in_chaos_v1:dark_vortex":1},"minecraft:picked_up":{"minecraft:crafting_table":3,"minecraft:oak_stairs":7,"minecraft:cooked_rabbit":2,"gravestone:obituary":5,"minecraft:sugar_cane":1,"minecraft:birch_sapling":9,"minecraft:furnace":16,"minecraft:stick":106,"minecraft:raw_iron":16,"minecraft:oak_door":3,"minecraft:torch":525,"minecraft:porkchop":3,"minecraft:diorite":51,"minecraft:arrow":2,"minecraft:rotten_flesh":4,"gnumus:gnumus_chickpeas":10,"gnumus:mouse_skin":8,"minecraft:cod":6,"minecraft:cobblestone":322,"minecraft:oxeye_daisy":1,"born_in_chaos_v1:fused_bone":3,"minecraft:birch_log":9,"born_in_chaos_v1:corpse_maggot":5,"minecraft:andesite":9,"minecraft:smoker":1,"biomesoplenty:fir_sapling":36,"biomesoplenty:fir_log":152,"minecraft:flint":2,"minecraft:oak_log":202,"minecraft:dirt":191,"minecraft:lapis_lazuli":7,"minecraft:stripped_birch_log":13,"minecraft:blue_bed":1,"gnumus:gnumus_pouch_2":1,"minecraft:bone":5,"biomesoplenty:stripped_fir_log":4,"minecraft:apple":16,"minecraft:wheat_seeds":8,"born_in_chaos_v1:smoked_flesh":8,"minecraft:rabbit":6,"minecraft:oak_planks":35,"biomesoplenty:toadstool":2,"minecraft:dandelion":1,"minecraft:gravel":7,"born_in_chaos_v1:dark_rod":3,"minecraft:sand":34,"minecraft:mossy_cobblestone":1,"minecraft:stone_axe":1,"minecraft:granite":59,"born_in_chaos_v1:rotten_fish":2,"minecraft:oak_sapling":117,"minecraft:coal":98},"minecraft:dropped":{"minecraft:lapis_lazuli":7,"minecraft:apple":2,"gnumus:mouse_skin":6,"minecraft:cod":3,"minecraft:flint":1,"minecraft:torch":1,"minecraft:rabbit":3,"born_in_chaos_v1:fused_bone":2,"gravestone:obituary":7,"minecraft:stone_axe":1,"minecraft:sugar_cane":1,"born_in_chaos_v1:rotten_fish":1,"born_in_chaos_v1:smoked_flesh":16,"born_in_chaos_v1:corpse_maggot":1,"gnumus:gnumus_chickpeas":5,"born_in_chaos_v1:dark_rod":1}},"DataVersion":3465}