{"stats":{"minecraft:used":{"minecraft:stone_shovel":89,"minecraft:stone_pickaxe":102,"minecraft:oak_planks":232,"minecraft:ladder":5,"minecraft:wooden_pickaxe":20,"minecraft:oak_door":3,"minecraft:torch":515,"minecraft:dirt":9,"minecraft:crafting_table":5,"minecraft:smoker":3,"minecraft:oak_log":35,"born_in_chaos_v1:corpse_maggot":3,"minecraft:wooden_axe":211,"born_in_chaos_v1:smoked_flesh":1,"minecraft:apple":10,"minecraft:oak_stairs":19,"minecraft:oak_button":1,"minecraft:birch_sapling":1,"minecraft:stone_axe":43,"minecraft:cobblestone":13,"born_in_chaos_v1:rotten_fish":1,"minecraft:oak_sapling":2,"minecraft:furnace":5,"minecraft:birch_log":9,"minecraft:glass_pane":32,"alexsmobs:animal_dictionary":3,"minecraft:dandelion":1},"minecraft:mined":{"minecraft:oak_door":1,"minecraft:stripped_birch_log":10,"minecraft:dandelion":1,"minecraft:crafting_table":2,"gravestone:gravestone":3,"minecraft:granite":26,"minecraft:grass_block":33,"minecraft:tall_grass":5,"minecraft:cobblestone":6,"minecraft:oak_planks":42,"minecraft:wall_torch":1,"minecraft:birch_sapling":1,"minecraft:furnace":3,"minecraft:iron_ore":1,"treechop:chopped_log":19,"minecraft:grass":19,"minecraft:coal_ore":1,"minecraft:oak_log":5,"minecraft:oak_stairs":3,"minecraft:gravel":7,"minecraft:sand":34,"minecraft:dirt":91,"minecraft:stone":78,"minecraft:oak_leaves":10},"minecraft:custom":{"minecraft:interact_with_furnace":19,"minecraft:mob_kills":13,"minecraft:interact_with_crafting_table":42,"minecraft:damage_dealt_resisted":40,"minecraft:leave_game":1,"minecraft:time_since_death":5694,"minecraft:climb_one_cm":1338,"minecraft:time_since_rest":5718,"minecraft:sprint_one_cm":90677,"minecraft:damage_taken":1150,"minecraft:walk_one_cm":456402,"minecraft:drop":15,"minecraft:damage_dealt":2466,"minecraft:swim_one_cm":115192,"minecraft:fly_one_cm":53928,"minecraft:open_chest":2,"minecraft:crouch_one_cm":28536,"minecraft:play_time":83859,"minecraft:deaths":3,"minecraft:sneak_time":7671,"minecraft:walk_under_water_one_cm":29945,"minecraft:jump":669,"minecraft:walk_on_water_one_cm":13680,"minecraft:interact_with_smoker":4,"minecraft:total_world_time":83859,"minecraft:fall_one_cm":11833},"minecraft:killed_by":{"born_in_chaos_v1:bonescaller":1,"minecraft:zombie":1},"minecraft:crafted":{"minecraft:oak_door":3,"minecraft:oak_planks":372,"minecraft:stone_shovel":1,"minecraft:crafting_table":3,"minecraft:wooden_pickaxe":1,"minecraft:furnace":5,"minecraft:stone_axe":1,"minecraft:air":0,"minecraft:glass_pane":32,"minecraft:glass":17,"minecraft:charcoal":9,"minecraft:ladder":6,"minecraft:stick":4,"born_in_chaos_v1:smoked_flesh":1,"minecraft:stone_pickaxe":1,"minecraft:wooden_axe":4,"minecraft:oak_stairs":16,"minecraft:oak_button":1,"minecraft:torch":36,"minecraft:smoker":3},"minecraft:broken":{"minecraft:wooden_axe":4},"minecraft:killed":{"born_in_chaos_v1:restless_spirit":2,"born_in_chaos_v1:zombie_bruiser":1,"born_in_chaos_v1:baby_skeleton_minion":5,"minecraft:skeleton":1,"born_in_chaos_v1:corpse_fly":3,"born_in_chaos_v1:dark_vortex":1},"minecraft:picked_up":{"minecraft:birch_log":9,"born_in_chaos_v1:corpse_maggot":4,"minecraft:crafting_table":2,"minecraft:oak_stairs":3,"minecraft:flint":1,"minecraft:oak_log":137,"gravestone:obituary":2,"minecraft:stripped_birch_log":13,"minecraft:lapis_lazuli":7,"minecraft:dirt":116,"minecraft:bone":4,"minecraft:apple":11,"minecraft:wheat_seeds":3,"minecraft:sugar_cane":1,"minecraft:oak_planks":35,"minecraft:birch_sapling":9,"minecraft:furnace":3,"minecraft:raw_iron":1,"minecraft:stick":54,"minecraft:oak_door":1,"minecraft:torch":511,"minecraft:dandelion":1,"minecraft:gravel":6,"minecraft:sand":34,"born_in_chaos_v1:dark_rod":3,"minecraft:arrow":1,"minecraft:rotten_flesh":3,"minecraft:granite":26,"minecraft:oak_sapling":80,"born_in_chaos_v1:rotten_fish":2,"minecraft:coal":1,"minecraft:cobblestone":84},"minecraft:dropped":{"minecraft:sugar_cane":1,"minecraft:lapis_lazuli":7,"born_in_chaos_v1:rotten_fish":1,"minecraft:apple":1,"born_in_chaos_v1:corpse_maggot":1,"gravestone:obituary":3,"born_in_chaos_v1:dark_rod":1}},"DataVersion":3465}