{"stats":{"minecraft:used":{"minecraft:stone_shovel":89,"minecraft:stone_pickaxe":87,"minecraft:oak_planks":232,"minecraft:ladder":5,"minecraft:wooden_pickaxe":20,"minecraft:torch":85,"minecraft:dirt":9,"minecraft:crafting_table":5,"minecraft:smoker":3,"minecraft:oak_log":35,"born_in_chaos_v1:corpse_maggot":3,"minecraft:wooden_axe":211,"born_in_chaos_v1:smoked_flesh":1,"minecraft:apple":10,"minecraft:oak_stairs":15,"minecraft:oak_button":1,"minecraft:birch_sapling":1,"minecraft:stone_axe":43,"minecraft:cobblestone":13,"born_in_chaos_v1:rotten_fish":1,"minecraft:oak_sapling":2,"minecraft:furnace":5,"minecraft:birch_log":9,"minecraft:glass_pane":32,"alexsmobs:animal_dictionary":3,"minecraft:dandelion":1},"minecraft:mined":{"minecraft:stripped_birch_log":10,"minecraft:dandelion":1,"minecraft:crafting_table":2,"gravestone:gravestone":2,"minecraft:granite":23,"minecraft:grass_block":33,"minecraft:tall_grass":5,"minecraft:cobblestone":5,"minecraft:oak_planks":42,"minecraft:wall_torch":1,"minecraft:birch_sapling":1,"minecraft:furnace":3,"minecraft:iron_ore":1,"treechop:chopped_log":18,"minecraft:grass":18,"minecraft:oak_log":4,"minecraft:oak_stairs":3,"minecraft:gravel":7,"minecraft:sand":33,"minecraft:dirt":91,"minecraft:stone":68,"minecraft:oak_leaves":7},"minecraft:custom":{"minecraft:interact_with_furnace":19,"minecraft:mob_kills":13,"minecraft:interact_with_crafting_table":40,"minecraft:damage_dealt_resisted":40,"minecraft:leave_game":1,"minecraft:time_since_death":8201,"minecraft:climb_one_cm":1338,"minecraft:time_since_rest":8236,"minecraft:sprint_one_cm":78500,"minecraft:damage_taken":930,"minecraft:walk_one_cm":441408,"minecraft:drop":14,"minecraft:damage_dealt":2466,"minecraft:swim_one_cm":19093,"minecraft:fly_one_cm":46237,"minecraft:open_chest":2,"minecraft:crouch_one_cm":28503,"minecraft:play_time":71859,"minecraft:deaths":2,"minecraft:sneak_time":7464,"minecraft:walk_under_water_one_cm":8623,"minecraft:jump":618,"minecraft:walk_on_water_one_cm":10651,"minecraft:interact_with_smoker":4,"minecraft:total_world_time":71859,"minecraft:fall_one_cm":11833},"minecraft:killed_by":{"born_in_chaos_v1:bonescaller":1,"minecraft:zombie":1},"minecraft:crafted":{"minecraft:oak_planks":356,"minecraft:stone_shovel":1,"minecraft:crafting_table":3,"minecraft:wooden_pickaxe":1,"minecraft:furnace":5,"minecraft:stone_axe":1,"minecraft:air":0,"minecraft:glass_pane":32,"minecraft:glass":17,"minecraft:charcoal":9,"minecraft:ladder":6,"minecraft:stick":4,"born_in_chaos_v1:smoked_flesh":1,"minecraft:stone_pickaxe":1,"minecraft:wooden_axe":4,"minecraft:oak_stairs":12,"minecraft:oak_button":1,"minecraft:torch":36,"minecraft:smoker":3},"minecraft:broken":{"minecraft:wooden_axe":4},"minecraft:killed":{"born_in_chaos_v1:restless_spirit":2,"born_in_chaos_v1:zombie_bruiser":1,"born_in_chaos_v1:baby_skeleton_minion":5,"minecraft:skeleton":1,"born_in_chaos_v1:corpse_fly":3,"born_in_chaos_v1:dark_vortex":1},"minecraft:picked_up":{"minecraft:birch_log":9,"born_in_chaos_v1:corpse_maggot":4,"minecraft:crafting_table":2,"minecraft:oak_stairs":3,"minecraft:flint":1,"minecraft:oak_log":133,"gravestone:obituary":2,"minecraft:stripped_birch_log":13,"minecraft:lapis_lazuli":7,"minecraft:dirt":116,"minecraft:bone":4,"minecraft:apple":11,"minecraft:wheat_seeds":3,"minecraft:sugar_cane":1,"minecraft:oak_planks":35,"minecraft:birch_sapling":9,"minecraft:furnace":3,"minecraft:raw_iron":1,"minecraft:stick":48,"minecraft:torch":53,"minecraft:dandelion":1,"minecraft:gravel":6,"minecraft:sand":33,"born_in_chaos_v1:dark_rod":3,"minecraft:arrow":1,"minecraft:rotten_flesh":3,"minecraft:granite":23,"minecraft:oak_sapling":80,"born_in_chaos_v1:rotten_fish":2,"minecraft:cobblestone":73},"minecraft:dropped":{"minecraft:sugar_cane":1,"minecraft:lapis_lazuli":7,"born_in_chaos_v1:rotten_fish":1,"minecraft:apple":1,"born_in_chaos_v1:corpse_maggot":1,"gravestone:obituary":2,"born_in_chaos_v1:dark_rod":1}},"DataVersion":3465}