{"stats":{"minecraft:used":{"born_in_chaos_v1:corpse_maggot":3,"minecraft:oak_log":27,"minecraft:wooden_axe":211,"minecraft:apple":8,"minecraft:oak_stairs":2,"minecraft:ladder":5,"minecraft:oak_button":1,"minecraft:oak_planks":232,"minecraft:wooden_pickaxe":3,"minecraft:dirt":7,"born_in_chaos_v1:rotten_fish":1,"minecraft:crafting_table":4,"minecraft:oak_sapling":2,"alexsmobs:animal_dictionary":3,"minecraft:dandelion":1},"minecraft:mined":{"minecraft:dandelion":1,"treechop:chopped_log":17,"minecraft:crafting_table":2,"gravestone:gravestone":1,"minecraft:grass":18,"minecraft:grass_block":26,"minecraft:oak_log":4,"minecraft:dirt":34,"minecraft:tall_grass":5,"minecraft:stone":3,"minecraft:oak_planks":42,"minecraft:oak_leaves":3},"minecraft:custom":{"minecraft:time_since_rest":30508,"minecraft:sprint_one_cm":54392,"minecraft:damage_taken":760,"minecraft:walk_one_cm":309448,"minecraft:mob_kills":10,"minecraft:drop":6,"minecraft:damage_dealt":1687,"minecraft:swim_one_cm":8331,"minecraft:interact_with_crafting_table":24,"minecraft:fly_one_cm":29688,"minecraft:crouch_one_cm":25913,"minecraft:play_time":47859,"minecraft:deaths":1,"minecraft:sneak_time":6224,"minecraft:walk_under_water_one_cm":3146,"minecraft:jump":422,"minecraft:damage_dealt_resisted":40,"minecraft:leave_game":1,"minecraft:time_since_death":30430,"minecraft:walk_on_water_one_cm":2951,"minecraft:climb_one_cm":710,"minecraft:total_world_time":47859,"minecraft:fall_one_cm":9646},"minecraft:killed_by":{"born_in_chaos_v1:bonescaller":1},"minecraft:crafted":{"minecraft:oak_planks":356,"minecraft:crafting_table":2,"minecraft:ladder":6,"minecraft:stick":4,"minecraft:wooden_pickaxe":1,"minecraft:oak_stairs":4,"minecraft:wooden_axe":4,"minecraft:oak_button":1},"minecraft:broken":{"minecraft:wooden_axe":4},"minecraft:killed":{"minecraft:skeleton":1,"born_in_chaos_v1:corpse_fly":2,"born_in_chaos_v1:dark_vortex":1,"born_in_chaos_v1:zombie_bruiser":1,"born_in_chaos_v1:baby_skeleton_minion":5},"minecraft:picked_up":{"minecraft:birch_log":6,"born_in_chaos_v1:corpse_maggot":4,"minecraft:crafting_table":2,"minecraft:stick":45,"minecraft:dandelion":1,"born_in_chaos_v1:dark_rod":3,"minecraft:oak_log":133,"gravestone:obituary":2,"minecraft:dirt":56,"minecraft:bone":4,"minecraft:arrow":1,"minecraft:apple":11,"minecraft:wheat_seeds":3,"born_in_chaos_v1:rotten_fish":2,"minecraft:oak_sapling":79,"minecraft:sugar_cane":1,"minecraft:birch_sapling":5,"minecraft:oak_planks":35,"minecraft:cobblestone":3},"minecraft:dropped":{"minecraft:sugar_cane":1,"born_in_chaos_v1:corpse_maggot":1,"born_in_chaos_v1:rotten_fish":1,"gravestone:obituary":1,"minecraft:apple":1,"born_in_chaos_v1:dark_rod":1}},"DataVersion":3465}