{"stats":{"minecraft:used":{"minecraft:stone_sword":138,"minecraft:stone_shovel":132,"minecraft:ladder":20,"minecraft:shield":2,"minecraft:cooked_salmon":4,"born_in_chaos_v1:fried_maggot":5,"minecraft:rotten_flesh":1,"minecraft:oak_door":7,"minecraft:torch":638,"minecraft:dirt":71,"minecraft:carrot":1,"born_in_chaos_v1:corpse_maggot":4,"minecraft:wooden_axe":211,"born_in_chaos_v1:smoked_flesh":8,"minecraft:oak_stairs":50,"minecraft:birch_sapling":1,"minecraft:furnace":33,"minecraft:oak_sapling":2,"minecraft:cooked_cod":3,"minecraft:cobbled_deepslate":14,"minecraft:diorite":1,"minecraft:birch_planks":4,"minecraft:stone_pickaxe":630,"minecraft:oak_planks":237,"gnumus:overripe_carrot":3,"minecraft:wooden_pickaxe":20,"minecraft:fletching_table":1,"minecraft:blue_bed":1,"bakery:sandwich":1,"minecraft:crafting_table":11,"minecraft:blast_furnace":3,"minecraft:smoker":6,"minecraft:oak_log":52,"minecraft:apple":14,"minecraft:oxeye_daisy":1,"gnumus:gnumus_chickpeas":5,"minecraft:oak_button":1,"minecraft:gravel":1,"biomesoplenty:toadstool":2,"minecraft:soul_lantern":1,"minecraft:stone_axe":251,"minecraft:cobblestone":58,"born_in_chaos_v1:rotten_fish":1,"minecraft:porkchop":1,"minecraft:cooked_rabbit":2,"minecraft:birch_log":9,"minecraft:glass_pane":32,"alexsmobs:animal_dictionary":4,"minecraft:dandelion":1},"minecraft:mined":{"minecraft:mossy_cobblestone":1,"minecraft:oak_door":1,"farmersdelight:wild_carrots":1,"minecraft:stripped_birch_log":10,"minecraft:ladder":1,"gravestone:gravestone":7,"minecraft:granite":63,"minecraft:grass_block":35,"biomesoplenty:white_petals":1,"minecraft:cartography_table":1,"minecraft:oxeye_daisy":1,"biomesoplenty:tundra_shrub":1,"minecraft:large_fern":4,"minecraft:furnace":19,"biomesoplenty:toadstool":1,"minecraft:barrel":1,"minecraft:iron_ore":19,"minecraft:andesite":9,"minecraft:pumpkin":66,"treechop:chopped_log":26,"minecraft:fletching_table":1,"biomesoplenty:hanging_cobweb":1,"minecraft:deepslate_iron_ore":16,"minecraft:oak_stairs":8,"biomesoplenty:webbing":6,"biomesoplenty:barley":5,"minecraft:stone":348,"minecraft:smithing_table":1,"minecraft:brown_mushroom":2,"minecraft:smoker":3,"minecraft:soul_lantern":1,"minecraft:dandelion":1,"biomesoplenty:hanging_cobweb_strand":1,"minecraft:crafting_table":7,"minecraft:torch":6,"minecraft:blast_furnace":4,"minecraft:cobblestone":12,"minecraft:tall_grass":5,"biomesoplenty:sprout":3,"minecraft:oak_planks":42,"minecraft:diorite":57,"minecraft:wall_torch":11,"minecraft:birch_sapling":1,"biomesoplenty:maple_leaves":1,"minecraft:grass":27,"minecraft:oak_log":7,"minecraft:coal_ore":61,"biomesoplenty:fir_leaves":1,"minecraft:gravel":9,"minecraft:sand":34,"minecraft:dirt":164,"minecraft:oak_leaves":10,"minecraft:deepslate":15,"minecraft:fern":10},"minecraft:custom":{"minecraft:interact_with_smithing_table":1,"minecraft:mob_kills":42,"minecraft:interact_with_crafting_table":86,"minecraft:open_barrel":12,"minecraft:damage_dealt_resisted":327,"minecraft:leave_game":1,"minecraft:time_since_death":9173,"minecraft:climb_one_cm":4631,"minecraft:sprint_one_cm":324844,"minecraft:walk_one_cm":1160896,"minecraft:damage_blocked_by_shield":40,"minecraft:drop":75,"minecraft:talked_to_villager":1,"minecraft:play_time":239859,"minecraft:deaths":7,"minecraft:sneak_time":14181,"minecraft:walk_under_water_one_cm":33247,"minecraft:jump":2596,"minecraft:interact_with_blast_furnace":18,"minecraft:walk_on_water_one_cm":22913,"minecraft:total_world_time":239859,"minecraft:interact_with_furnace":40,"minecraft:interact_with_cartography_table":1,"minecraft:sleep_in_bed":4,"minecraft:time_since_rest":9216,"minecraft:waystone_activated":1,"minecraft:damage_taken":3203,"minecraft:damage_dealt":7623,"minecraft:swim_one_cm":122388,"minecraft:fly_one_cm":262467,"minecraft:open_chest":14,"minecraft:crouch_one_cm":48550,"minecraft:interact_with_smoker":36,"minecraft:fall_one_cm":50276},"minecraft:killed_by":{"minecraft:player":1,"born_in_chaos_v1:bonescaller":1,"minecraft:zombie":3,"born_in_chaos_v1:missioner":1},"minecraft:crafted":{"minecraft:oak_door":6,"minecraft:smooth_stone":3,"minecraft:oak_planks":400,"minecraft:stone_shovel":1,"minecraft:furnace":19,"minecraft:blast_furnace":1,"minecraft:stone":4,"minecraft:cooked_mutton":3,"minecraft:glass_pane":32,"minecraft:glass":17,"born_in_chaos_v1:bone_handle":1,"born_in_chaos_v1:fried_maggot":5,"minecraft:ladder":21,"minecraft:stone_pickaxe":5,"minecraft:oak_button":1,"minecraft:smoker":4,"minecraft:red_dye":1,"minecraft:cooked_cod":3,"bakery:sandwich":3,"minecraft:crafting_table":4,"minecraft:wooden_pickaxe":1,"minecraft:iron_sword":1,"minecraft:bowl":12,"minecraft:cooked_salmon":2,"minecraft:copper_ingot":21,"minecraft:birch_planks":4,"minecraft:stone_axe":2,"minecraft:bread":3,"minecraft:air":0,"minecraft:charcoal":9,"minecraft:shield":1,"minecraft:stick":4,"minecraft:iron_ingot":13,"born_in_chaos_v1:smoked_flesh":22,"minecraft:oak_stairs":44,"minecraft:wooden_axe":4,"minecraft:stone_sword":1,"minecraft:torch":124},"minecraft:broken":{"minecraft:stone_sword":1,"minecraft:stone_pickaxe":4,"minecraft:stone_axe":1,"minecraft:wooden_axe":4,"minecraft:stone_shovel":1},"minecraft:killed":{"minecraft:cave_spider":1,"born_in_chaos_v1:restless_spirit":2,"born_in_chaos_v1:zombie_bruiser":1,"born_in_chaos_v1:baby_skeleton_minion":5,"born_in_chaos_v1:maggot":6,"minecraft:skeleton":2,"gnumus:gnumus_hunter":4,"artifacts:mimic":1,"born_in_chaos_v1:fallen_chaos_knight":1,"minecraft:pig":1,"minecraft:zombie_villager":2,"born_in_chaos_v1:zombie_fisherman":1,"minecraft:zombie":2,"born_in_chaos_v1:corpse_fly":3,"born_in_chaos_v1:dark_vortex":1,"born_in_chaos_v1:door_knight":1},"minecraft:picked_up":{"minecraft:mud":1,"minecraft:crafting_table":7,"minecraft:ladder":1,"born_in_chaos_v1:seedof_chaos":2,"minecraft:smithing_table":1,"minecraft:brown_mushroom":3,"minecraft:wooden_pickaxe":1,"minecraft:oak_stairs":7,"minecraft:cooked_rabbit":2,"biomesoplenty:maple_leaves":1,"gravestone:obituary":5,"minecraft:cooked_salmon":6,"born_in_chaos_v1:bone_handle":1,"minecraft:cartography_table":1,"minecraft:cobbled_deepslate":15,"minecraft:bucket":1,"minecraft:sugar_cane":1,"minecraft:birch_sapling":9,"minecraft:furnace":19,"minecraft:stick":109,"minecraft:raw_iron":54,"biomesoplenty:stringy_cobweb":2,"minecraft:stone":1,"minecraft:oak_door":5,"minecraft:torch":529,"minecraft:bowl":24,"artifacts:vampiric_glove":1,"minecraft:porkchop":3,"minecraft:diorite":51,"born_in_chaos_v1:pieceofdarkmetal":4,"minecraft:carrot":2,"minecraft:stone_sword":2,"minecraft:arrow":2,"minecraft:rotten_flesh":26,"gnumus:gnumus_chickpeas":10,"biomesoplenty:white_petals":3,"gnumus:mouse_skin":8,"minecraft:mutton":3,"minecraft:cod":6,"minecraft:cobblestone":353,"minecraft:oxeye_daisy":1,"born_in_chaos_v1:fused_bone":5,"minecraft:birch_log":9,"born_in_chaos_v1:corpse_maggot":12,"gnumus:overripe_carrot":3,"minecraft:andesite":9,"minecraft:smoker":3,"biomesoplenty:fir_sapling":37,"biomesoplenty:fir_log":152,"minecraft:flint":2,"minecraft:oak_log":204,"minecraft:dirt":191,"minecraft:lapis_lazuli":7,"minecraft:stripped_birch_log":13,"minecraft:blue_bed":1,"gnumus:gnumus_pouch_2":2,"biomesoplenty:snowblossom_sapling":2,"minecraft:bone":6,"biomesoplenty:stripped_fir_log":4,"minecraft:apple":16,"gnumus:gnumus_horn":3,"minecraft:wheat_seeds":8,"minecraft:iron_ingot":50,"born_in_chaos_v1:smoked_flesh":8,"minecraft:fletching_table":1,"minecraft:rabbit":6,"minecraft:oak_planks":40,"biomesoplenty:toadstool":3,"artifacts:obsidian_skull":1,"minecraft:pumpkin":64,"minecraft:sweet_berries":2,"born_in_chaos_v1:ethereal_spirit":1,"minecraft:dandelion":1,"minecraft:gravel":8,"born_in_chaos_v1:dark_rod":3,"minecraft:sand":34,"sophisticatedbackpacks:iron_backpack":1,"minecraft:blast_furnace":4,"minecraft:barrel":2,"alexsmobs:animal_dictionary":1,"minecraft:mossy_cobblestone":1,"minecraft:soul_lantern":2,"minecraft:stone_axe":1,"minecraft:granite":59,"alexsmobs:banana_slug_slime":1,"born_in_chaos_v1:rotten_fish":2,"minecraft:oak_sapling":117,"minecraft:coal":230},"minecraft:dropped":{"minecraft:iron_ingot":40,"minecraft:iron_sword":1,"minecraft:lapis_lazuli":7,"alexsmobs:banana_slug_slime":1,"minecraft:mossy_cobblestone":1,"minecraft:apple":2,"bakery:sandwich":2,"gnumus:mouse_skin":6,"biomesoplenty:maple_leaves":1,"minecraft:cod":3,"minecraft:flint":1,"biomesoplenty:snowblossom_sapling":2,"minecraft:torch":1,"minecraft:rabbit":3,"born_in_chaos_v1:fused_bone":3,"gravestone:obituary":9,"born_in_chaos_v1:bone_handle":1,"minecraft:oak_door":4,"biomesoplenty:toadstool":1,"minecraft:stone_axe":1,"minecraft:sugar_cane":1,"minecraft:stone_sword":2,"alexsmobs:animal_dictionary":1,"born_in_chaos_v1:ethereal_spirit":1,"minecraft:bowl":12,"minecraft:birch_sapling":1,"born_in_chaos_v1:rotten_fish":1,"born_in_chaos_v1:smoked_flesh":19,"minecraft:oak_planks":6,"biomesoplenty:white_petals":3,"minecraft:stone":1,"born_in_chaos_v1:seedof_chaos":1,"gnumus:gnumus_pouch_2":1,"born_in_chaos_v1:corpse_maggot":1,"gnumus:gnumus_chickpeas":5,"minecraft:barrel":1,"biomesoplenty:stringy_cobweb":2,"born_in_chaos_v1:dark_rod":2}},"DataVersion":3465}