{"stats":{"minecraft:killed":{"minecraft:skeleton":1,"born_in_chaos_v1:dark_vortex":1,"born_in_chaos_v1:baby_skeleton_minion":5},"minecraft:crafted":{"minecraft:oak_planks":112,"minecraft:crafting_table":2,"minecraft:stick":4,"minecraft:wooden_axe":3,"minecraft:oak_button":1},"minecraft:killed_by":{"born_in_chaos_v1:bonescaller":1},"minecraft:broken":{"minecraft:wooden_axe":2},"minecraft:mined":{"minecraft:dandelion":1,"treechop:chopped_log":12,"minecraft:crafting_table":2,"gravestone:gravestone":1,"minecraft:grass":18,"minecraft:grass_block":9,"minecraft:oak_log":4,"minecraft:dirt":5,"minecraft:tall_grass":5,"minecraft:oak_planks":10,"minecraft:oak_leaves":3},"minecraft:dropped":{"minecraft:sugar_cane":1,"gravestone:obituary":1,"minecraft:apple":1,"born_in_chaos_v1:dark_rod":1},"minecraft:used":{"minecraft:oak_log":27,"minecraft:wooden_axe":134,"minecraft:apple":8,"minecraft:oak_button":1,"minecraft:oak_planks":77,"minecraft:dirt":6,"minecraft:crafting_table":3,"minecraft:oak_sapling":2,"alexsmobs:animal_dictionary":3,"minecraft:dandelion":1},"minecraft:picked_up":{"minecraft:birch_log":6,"minecraft:stick":33,"minecraft:crafting_table":2,"minecraft:dandelion":1,"born_in_chaos_v1:dark_rod":3,"minecraft:oak_log":103,"minecraft:dirt":14,"minecraft:arrow":1,"minecraft:bone":2,"minecraft:apple":9,"minecraft:wheat_seeds":3,"born_in_chaos_v1:rotten_fish":2,"minecraft:oak_sapling":60,"minecraft:sugar_cane":1,"minecraft:birch_sapling":4,"minecraft:oak_planks":7},"minecraft:custom":{"minecraft:time_since_rest":12965,"minecraft:sprint_one_cm":42014,"minecraft:damage_taken":625,"minecraft:walk_one_cm":207495,"minecraft:mob_kills":7,"minecraft:drop":4,"minecraft:damage_dealt":922,"minecraft:swim_one_cm":8331,"minecraft:interact_with_crafting_table":15,"minecraft:fly_one_cm":24335,"minecraft:crouch_one_cm":10990,"minecraft:play_time":30316,"minecraft:deaths":1,"minecraft:sneak_time":2537,"minecraft:walk_under_water_one_cm":3146,"minecraft:jump":298,"minecraft:damage_dealt_resisted":40,"minecraft:leave_game":1,"minecraft:walk_on_water_one_cm":2951,"minecraft:time_since_death":12887,"minecraft:total_world_time":30316,"minecraft:fall_one_cm":6599}},"DataVersion":3465}