{"stats":{"minecraft:used":{"minecraft:stone_shovel":52,"minecraft:stone_pickaxe":81,"minecraft:oak_planks":232,"minecraft:ladder":5,"minecraft:wooden_pickaxe":20,"minecraft:torch":4,"minecraft:dirt":8,"minecraft:crafting_table":4,"minecraft:oak_log":35,"born_in_chaos_v1:corpse_maggot":3,"minecraft:wooden_axe":211,"minecraft:apple":10,"minecraft:oak_stairs":12,"minecraft:oak_button":1,"minecraft:birch_sapling":1,"minecraft:stone_axe":2,"minecraft:cobblestone":10,"born_in_chaos_v1:rotten_fish":1,"minecraft:oak_sapling":2,"minecraft:furnace":1,"alexsmobs:animal_dictionary":3,"minecraft:dandelion":1},"minecraft:mined":{"minecraft:dandelion":1,"minecraft:crafting_table":2,"gravestone:gravestone":1,"minecraft:granite":23,"minecraft:grass_block":33,"minecraft:tall_grass":5,"minecraft:cobblestone":4,"minecraft:oak_planks":42,"minecraft:wall_torch":1,"minecraft:birch_sapling":1,"treechop:chopped_log":17,"minecraft:grass":18,"minecraft:oak_log":4,"minecraft:oak_stairs":2,"minecraft:gravel":2,"minecraft:dirt":91,"minecraft:stone":68,"minecraft:oak_leaves":7},"minecraft:custom":{"minecraft:interact_with_furnace":7,"minecraft:mob_kills":11,"minecraft:interact_with_crafting_table":31,"minecraft:damage_dealt_resisted":40,"minecraft:leave_game":1,"minecraft:time_since_death":42430,"minecraft:climb_one_cm":710,"minecraft:time_since_rest":42508,"minecraft:sprint_one_cm":66450,"minecraft:damage_taken":820,"minecraft:walk_one_cm":372267,"minecraft:drop":13,"minecraft:damage_dealt":1733,"minecraft:swim_one_cm":8331,"minecraft:fly_one_cm":34393,"minecraft:crouch_one_cm":27665,"minecraft:play_time":59859,"minecraft:deaths":1,"minecraft:sneak_time":7099,"minecraft:walk_under_water_one_cm":4380,"minecraft:jump":514,"minecraft:walk_on_water_one_cm":7526,"minecraft:total_world_time":59859,"minecraft:fall_one_cm":10064},"minecraft:killed_by":{"born_in_chaos_v1:bonescaller":1},"minecraft:crafted":{"minecraft:oak_planks":356,"minecraft:stone_shovel":1,"minecraft:crafting_table":2,"minecraft:wooden_pickaxe":1,"minecraft:furnace":1,"minecraft:stone_axe":1,"minecraft:air":0,"minecraft:charcoal":9,"minecraft:ladder":6,"minecraft:stick":4,"minecraft:stone_pickaxe":1,"minecraft:wooden_axe":4,"minecraft:oak_stairs":12,"minecraft:oak_button":1,"minecraft:torch":36},"minecraft:broken":{"minecraft:wooden_axe":4},"minecraft:killed":{"born_in_chaos_v1:zombie_bruiser":1,"born_in_chaos_v1:baby_skeleton_minion":5,"minecraft:skeleton":1,"born_in_chaos_v1:corpse_fly":3,"born_in_chaos_v1:dark_vortex":1},"minecraft:picked_up":{"minecraft:birch_log":6,"born_in_chaos_v1:corpse_maggot":4,"minecraft:crafting_table":2,"minecraft:oak_stairs":2,"minecraft:oak_log":133,"gravestone:obituary":2,"minecraft:lapis_lazuli":7,"minecraft:dirt":116,"minecraft:bone":4,"minecraft:apple":11,"minecraft:wheat_seeds":3,"minecraft:sugar_cane":1,"minecraft:oak_planks":35,"minecraft:birch_sapling":6,"minecraft:stick":46,"minecraft:torch":1,"minecraft:dandelion":1,"minecraft:gravel":2,"born_in_chaos_v1:dark_rod":3,"minecraft:arrow":1,"minecraft:granite":23,"minecraft:oak_sapling":80,"born_in_chaos_v1:rotten_fish":2,"minecraft:cobblestone":72},"minecraft:dropped":{"minecraft:sugar_cane":1,"minecraft:lapis_lazuli":7,"born_in_chaos_v1:rotten_fish":1,"minecraft:apple":1,"born_in_chaos_v1:corpse_maggot":1,"gravestone:obituary":1,"born_in_chaos_v1:dark_rod":1}},"DataVersion":3465}