{"stats":{"minecraft:used":{"born_in_chaos_v1:corpse_maggot":3,"minecraft:oak_log":27,"minecraft:wooden_axe":158,"minecraft:apple":8,"minecraft:oak_button":1,"minecraft:oak_planks":83,"minecraft:dirt":6,"born_in_chaos_v1:rotten_fish":1,"minecraft:crafting_table":3,"minecraft:oak_sapling":2,"alexsmobs:animal_dictionary":3,"minecraft:dandelion":1},"minecraft:mined":{"minecraft:dandelion":1,"treechop:chopped_log":15,"minecraft:crafting_table":2,"gravestone:gravestone":1,"minecraft:grass":18,"minecraft:grass_block":26,"minecraft:oak_log":4,"minecraft:dirt":22,"minecraft:tall_grass":5,"minecraft:oak_planks":10,"minecraft:oak_leaves":3},"minecraft:custom":{"minecraft:time_since_rest":18508,"minecraft:sprint_one_cm":50276,"minecraft:damage_taken":710,"minecraft:walk_one_cm":247659,"minecraft:mob_kills":9,"minecraft:drop":6,"minecraft:damage_dealt":1400,"minecraft:swim_one_cm":8331,"minecraft:interact_with_crafting_table":17,"minecraft:fly_one_cm":28550,"minecraft:crouch_one_cm":11156,"minecraft:play_time":35859,"minecraft:deaths":1,"minecraft:sneak_time":2563,"minecraft:walk_under_water_one_cm":3146,"minecraft:jump":345,"minecraft:damage_dealt_resisted":40,"minecraft:leave_game":1,"minecraft:time_since_death":18430,"minecraft:walk_on_water_one_cm":2951,"minecraft:total_world_time":35859,"minecraft:fall_one_cm":7762},"minecraft:killed_by":{"born_in_chaos_v1:bonescaller":1},"minecraft:crafted":{"minecraft:oak_planks":112,"minecraft:crafting_table":2,"minecraft:stick":4,"minecraft:wooden_pickaxe":1,"minecraft:wooden_axe":3,"minecraft:oak_button":1},"minecraft:broken":{"minecraft:wooden_axe":2},"minecraft:killed":{"minecraft:skeleton":1,"born_in_chaos_v1:corpse_fly":2,"born_in_chaos_v1:dark_vortex":1,"born_in_chaos_v1:baby_skeleton_minion":5},"minecraft:picked_up":{"minecraft:birch_log":6,"born_in_chaos_v1:corpse_maggot":4,"minecraft:crafting_table":2,"minecraft:stick":36,"minecraft:dandelion":1,"born_in_chaos_v1:dark_rod":3,"minecraft:oak_log":116,"gravestone:obituary":2,"minecraft:dirt":44,"minecraft:bone":2,"minecraft:arrow":1,"minecraft:apple":9,"minecraft:wheat_seeds":3,"born_in_chaos_v1:rotten_fish":2,"minecraft:oak_sapling":69,"minecraft:sugar_cane":1,"minecraft:birch_sapling":4,"minecraft:oak_planks":7},"minecraft:dropped":{"minecraft:sugar_cane":1,"born_in_chaos_v1:corpse_maggot":1,"born_in_chaos_v1:rotten_fish":1,"gravestone:obituary":1,"minecraft:apple":1,"born_in_chaos_v1:dark_rod":1}},"DataVersion":3465}